-- phpMyAdmin SQL Dump
-- version 5.0.2
-- https://www.phpmyadmin.net/
--
-- Host: 127.0.0.1:3306
-- Generation Time: Feb 14, 2021 at 04:42 PM
-- Server version: 8.0.20
-- PHP Version: 7.2.31

SET SQL_MODE = "NO_AUTO_VALUE_ON_ZERO";
START TRANSACTION;
SET time_zone = "+00:00";


/*!40101 SET @OLD_CHARACTER_SET_CLIENT=@@CHARACTER_SET_CLIENT */;
/*!40101 SET @OLD_CHARACTER_SET_RESULTS=@@CHARACTER_SET_RESULTS */;
/*!40101 SET @OLD_COLLATION_CONNECTION=@@COLLATION_CONNECTION */;
/*!40101 SET NAMES utf8mb4 */;

--
-- Database: `mithu`
--

-- --------------------------------------------------------

--
-- Table structure for table `addresses`
--

CREATE TABLE `addresses` (
  `id` int NOT NULL,
  `user_id` int NOT NULL,
  `billing_name` varchar(255) NOT NULL,
  `pincode_id` int NOT NULL,
  `city_id` int NOT NULL,
  `address` varchar(255) NOT NULL,
  `phone` bigint NOT NULL,
  `alt_phone` bigint DEFAULT NULL
) ENGINE=InnoDB DEFAULT CHARSET=utf8;

--
-- Dumping data for table `addresses`
--

INSERT INTO `addresses` (`id`, `user_id`, `billing_name`, `pincode_id`, `city_id`, `address`, `phone`, `alt_phone`) VALUES
(8, 18, 'Bhanu Stark', 0, 8, 'Azad Nagar', 9876543210, 9876543210),
(9, 22, 'ra', 0, 43, 'jj', 9044261665, 0),
(10, 23, 'Vishal', 0, 2, 'Bhabua', 8083467397, 8083467397),
(11, 24, 'Nitish kushwaha', 0, 8, 'Chaawani muhalla', 9939909462, 0),
(12, 25, 'Rajesh Bhushan', 0, 8, 'Shiva ji', 8340592049, 0),
(13, 26, 'Anand Mohan', 0, 8, 'Chakbandi road bhabua', 9771121981, 9771121981),
(14, 27, 'Parvez Ahsan', 0, 8, 'Bhabua', 8864033539, 0),
(15, 30, 'skdljf', 0, 39, 'kjskldfj', 9876543210, 9874123456),
(16, 31, 'Radhe baba', 0, 8, 'Shiva ji chowk ward no 9 chawwni muhlla', 9504573225, 0),
(17, 32, 'Vikki kumar', 0, 8, 'Hanuman Nagar ward--01', 9128426592, 7484854833),
(18, 33, 'Himanshu kumar mittal ', 0, 8, 'Bhabua ward no 9 Shiva ji chowk', 9431821450, 8539997185),
(19, 28, 'Pradeep', 0, 5, 'Mohania', 6202319049, 8586879598),
(20, 34, 'Abhishek kumar', 0, 8, 'Bhabhua patel chauk ward number 3', 8507980487, 9430255839),
(21, 35, 'Sanjay keshri', 0, 8, 'Chandani chowk bhabhua road mohania\r\n', 7209262404, 0),
(22, 36, 'Omprakash kumar', 0, 8, 'Sdghjig\r\n', 9123258816, 8541003456),
(23, 37, 'Upendra Choudhary', 0, 33, 'Uttar Chor mama Dev', 8292595817, 9576017369),
(24, 38, 'Akash Kumar ', 0, 33, 'Over bridge near kali mandir darwa ', 6204092550, 7635049541),
(25, 39, 'rajeev ', 0, 8, 'bhaqbua kaimur ', 9044261665, 7903140849),
(26, 40, 'Vikash Kumar', 0, 8, 'Bhabua south muhala lotas public ke pass', 6209924581, 6209924581),
(27, 42, 'Ajit kumar', 0, 8, 'Nagarpilka bhabua ward 11 platform ka pass ', 8789225268, 8789225268);

-- --------------------------------------------------------

--
-- Table structure for table `admins`
--

CREATE TABLE `admins` (
  `id` int NOT NULL,
  `user_id` int NOT NULL,
  `level` int NOT NULL
) ENGINE=InnoDB DEFAULT CHARSET=utf8mb4;

--
-- Dumping data for table `admins`
--

INSERT INTO `admins` (`id`, `user_id`, `level`) VALUES
(2, 18, 1),
(3, 22, 1);

-- --------------------------------------------------------

--
-- Table structure for table `admin_login`
--

CREATE TABLE `admin_login` (
  `id` int NOT NULL,
  `login_key` varchar(255) NOT NULL
) ENGINE=InnoDB DEFAULT CHARSET=utf8;

--
-- Dumping data for table `admin_login`
--

INSERT INTO `admin_login` (`id`, `login_key`) VALUES
(14, 'MDewBg6eg+0v0lEDC2JWCBzt8JomZR0Yl7/OWzYIAA8='),
(15, 'C9dUFIFhed/BClSjvo39yyk3q56gApVfzFXKASZ3qR0='),
(16, 'WQwfjmHYMGJGcQ8pu3VUAaCS4i7Se1KMKHHzNX/JXyY='),
(17, 'WyQ7GBM3dRHge5wfDjP/03pMO6zkSGU6N1Tnt5WcImU='),
(18, 'aSJSHHnZkDN9bbT1In1MM2QA9LpsE59gJAZyjIqp9G8='),
(19, '5Zr7BT8fV2k9Ow9EPX8q0nVIfvooLiav6UU78MZWgQI='),
(20, 'uvJl8wYxcRTnCkN/PDxypfk8U0YewHhc7F1FlqZnMSY='),
(21, '4L6FKdZdyYRWolREqEVOnbheiyhuqyOmqDh38FE8rz8='),
(22, 'eRrk1CfR1M99OtuBWgmy6sdvwujJykmw80zBGS0tKQ4='),
(23, 'cLddseS5U7ORaVcWdy08IJjKgirmKoygdTUGZexRBng='),
(24, 'mU6ygSGJJPV0YvyhxPZkWCjTQRTCyhmNn/tEEokxFYM='),
(25, 'fhFg0pGRZrBM65UanmPtIf8d0NpedQlTCWjLEa7up54='),
(26, 'KNRsAHwWcxhxdnqztM4fJnH30kO0NtmQyJq8FWAWjh0='),
(27, 'JL9TjaxOF24xlVuMHo3ihUiuGoxC1qjPVSZz0zr70Zo='),
(28, 'OaoI0UkM/LK52ZBI60bUBQZBL2Yg/ETJ1KL4zcqbNuM='),
(29, 'ljLRUaHWUR2py2cBTUShnk96Q2E5kQyIGMwI2gIAii8='),
(30, 'cDhIdXZVZ/nrO/HyAwnnJLJsyoBJUbfigXSnPqhC5yo='),
(31, 'ywfwLz1rZlT0tRC/fvVbs8c60dRKHxDhfMz6tVZdOmM='),
(32, 'SI702z1tJ6XvfpmI7QMgg5hGRmz+Sx5z0mYTsx2ePjw='),
(33, 'CRqt3G1RYtb+nFADVPdUzS3ioHNYHUAS0+3Iv/pyHg8='),
(34, '8SQirysI9uTsPgT47N9n1+28N9D5/ZHcm44jYWu34C4='),
(35, 'LrCrK4OaDoXnnZesSiUIZZ4QFnzxK4oq9fM/zc7cGRo='),
(36, 'jqvc5JhD8jpfnvKVa9U7jVNYmMAoi8jCKAA66OI60r4='),
(37, 'hkd1XC1DNOas3dDcOWt5E9bK/ilLohDMFSsF/UOzjEM='),
(38, 'dCyMzIjsmZ39wjGn6vTHHXVG5Coqx9OsGqtAXTGfDtQ='),
(39, 'qr7tohtdZN4h8J/J2KK7pvXIBFRtLJO8p/tVonUkRHA='),
(40, 'Vxa2xkl4UfaJPhFPyrXQl8I8DWGEDDTrxjH2bKSUOVc='),
(41, 'wlmY9pHKVDHmFQc6tVynQ1WOgvu/1jVutNahPM5n9HU='),
(42, '3jVo6YBEgM673p+ONqS3lqSB5dJIqvlJb5gMrDjFUpI='),
(43, 'Oy2R1qFBgsH41kaUFMYR8kzeSGCX+HFURmCtqp4y2gw='),
(44, 'NbJsGUgBR4qS9Kt7NBkWnK37wM/aOwDwwWOGpPH422Y='),
(45, '87zz3/QtzVLUKzny/+jNUM4tl8KNhQuV6JmaD7zWF28='),
(46, 'iUMbC5iY6MWQcBARB880YTwjrPuvC0X/IvXX5LF6b5c='),
(47, '9HTnpOhCyH9O0glcnhX+7Tcd3DUriQ7PJbH9aYL9WJQ='),
(48, 'snOo6C44YhUhwtdsUdrlcgNS5p/7WQEYoFTIw20nSzM='),
(49, 'zlSINusqG18MGxWdyNtlnnCD08B7d6Xfkcf93YbFv5k='),
(50, 'mNsv7zxDOkqLdicrz9RpFWPt7XM5VGAmRs/Wkm7ii+8='),
(51, 'sQrGf6prhFHG4CF/FRtSCryMNJ6vPHZnWp6UUoaZN/0='),
(52, 'SUktoFs4DFIPOumIeAQiSwJlN7rqnXBq6103xDV5+/M='),
(53, 'IRvbk4xsiaPO8+Fy7AokhBF8SQxtkDhAjfeh55SfsCI='),
(54, 'UgV7W9bYgE6wWbYZfjElkgaQWPMG6MSsM5bAFjWZyoE='),
(55, 'eK1lUNk0qo+vE9coTPgU48O6jkYhSQpZTYIU/xPrOvs='),
(56, 'tVw+Gc3qbBkH3wuvbQdmDN7D1BTkohEsXQrvilQ2Tik='),
(57, 'g/09X4nuxUsX0aI1yOzZRfmnqhW9lwrECKQgc4JAzSw='),
(58, 'Koc3u2OB6a293tpl7m5SaGi3xOvUPt4tgXKJApUuMaY='),
(59, 'BRk6yiTvcphRjlfICQ5K0C3AOc5LO7DXd315gNdBeMM='),
(60, 'a7Uyyk0fOY8a/tmb772AjSTE9S5eTBKboiTSP0CW4Cs='),
(61, 'TahKvMlV/xgv0VfPXJ2yuT4ITyV/RntHsAG3GSOEPQI='),
(62, '6QmNGNEUgXbb0aEAh3oMxEudknfu1nLVbN/ojosndmQ='),
(63, '3GAzqm3ImuhdP0Y9zwlcRaE/wgrAmp1q6FL26swL/2k='),
(64, 'OMRtSTwlm4viQBVaR9cn2kvbeIajEp05IjLXVIeqJcE='),
(65, 'VsJqytS3JcA+WLquQN96TBh6pf8WEEKaeUYjuQbvS2M='),
(66, '7adBMhn2MIEfhDgLBZfVEbKlnbVHF/Z+A9unooqvkHY='),
(67, 'D+Sku/0nbRFhbbmJSrGQTZWYqZ7R343WOSmDlup4Z4E=');

-- --------------------------------------------------------

--
-- Table structure for table `cart`
--

CREATE TABLE `cart` (
  `id` int NOT NULL,
  `user_id` int NOT NULL,
  `product_id` int NOT NULL,
  `price_id` int NOT NULL
) ENGINE=InnoDB DEFAULT CHARSET=utf8mb4;

--
-- Dumping data for table `cart`
--

INSERT INTO `cart` (`id`, `user_id`, `product_id`, `price_id`) VALUES
(124, 30, 2, 9),
(125, 30, 1, 8),
(126, 30, 4, 12),
(127, 30, 5, 13),
(162, 35, 125, 161),
(163, 36, 53, 34),
(164, 36, 53, 34),
(165, 36, 53, 34),
(182, 37, 61, 42),
(205, 30, 128, 169),
(212, 26, 118, 138),
(213, 18, 121, 147),
(214, 18, 119, 141);

-- --------------------------------------------------------

--
-- Table structure for table `categories`
--

CREATE TABLE `categories` (
  `id` int NOT NULL,
  `category_name` varchar(100) NOT NULL,
  `is_sub_category` int NOT NULL,
  `parent_category_id` int DEFAULT NULL,
  `category_image` varchar(255) NOT NULL
) ENGINE=InnoDB DEFAULT CHARSET=utf8;

--
-- Dumping data for table `categories`
--

INSERT INTO `categories` (`id`, `category_name`, `is_sub_category`, `parent_category_id`, `category_image`) VALUES
(15, 'Food  Related', 0, NULL, ''),
(18, 'Grocery', 0, NULL, ''),
(19, 'Staples', 1, 18, 'huV7vXBzqDP1j5s.png'),
(20, 'Snacks & Beverages', 1, 18, 'MOxdS0QklzZuC49.png'),
(21, 'Packed Food', 1, 18, 'LAx9EviydeN7hn8.png'),
(22, 'Young & Baby Care ', 1, 18, ''),
(23, 'Household Care', 1, 18, ''),
(24, 'Dairy', 1, 18, 'ydUgRAuBsMw2aoH.png'),
(25, 'Pulses & Dals', 1, 19, 'jBuFeZhETUM1mik.png'),
(26, 'Oils & Ghee', 1, 19, 'nPo2kQ39bLwAZqm.png'),
(27, 'Flours & Atta', 1, 19, 'Ae39C86QbsTStD0.png'),
(28, 'Spices & Masalas', 1, 19, '1r5CJgRDlvAU6TP.png'),
(29, 'Rice & Product', 1, 19, 'z3xUgDlP9B4mRyC.png'),
(30, 'Dry Fruits, Nuts & Seeds', 1, 19, '0Q3WLp12RT9yuZz.png'),
(31, 'Sugar, Jagger & Salt', 1, 19, '5ykR4cZFSsuaVq9.png'),
(32, 'Biscuits', 1, 20, 'taexfDpQL6VKgk1.png'),
(33, 'Snacks, Namkeen & Chips', 1, 20, 'NYaGkB75ePjTdAV.png'),
(34, 'Tea', 1, 20, 'xD2pmZcouYFytRb.png'),
(35, 'Coffee', 1, 20, '6WyoB4LdtqbxK2R.png'),
(36, 'Noodles & Pasta', 1, 21, 'g5Rb1acHiG7P09f.png'),
(37, 'Ketchups & Spreads', 1, 21, 'uGTpo0bZnUPwNEl.png'),
(38, 'Sweets & Chocolates', 1, 21, 'B4AQvy5KI0pEPjk.png'),
(39, 'Honey & Jams', 1, 21, '2cYi0NyZxIGDn6B.png'),
(40, 'Pickles & chutney', 1, 21, '5ehOT8nC4quUJgf.png'),
(41, 'Cooking sauces & Vinegar', 1, 21, 'BmtaRn7Ne8Mf2dT.png'),
(42, 'Soaps & Body Wash', 1, 22, 'XHgmtKWBTCaDn4A.png'),
(43, 'Hair care', 1, 22, 'sf1C8OnVUIcaPET.png'),
(44, 'Oral care', 1, 22, 'ztlbg4yWN5aFpGw.png'),
(45, 'Detergents & Laundry', 1, 23, 'r9dvsawXJuRD8nZ.png'),
(46, 'Utensil Cleaners', 1, 23, 'NJM6eKo3akQTER8.png'),
(47, 'Floor &  other cleaners', 1, 23, 'ThXZjr1qbumMPR0.png'),
(48, 'Repellants & Freshners', 1, 23, 'BDcYqWygXwN6HTn.png'),
(49, 'Pooja Needs', 1, 23, 'qinrgTL3cASkUQV.png'),
(50, 'Shoe Care', 1, 23, 'icIKHvw5gfqAjC1.png'),
(51, 'Soaps', 1, 42, '1c4BLVyXTjl5Peq.png'),
(52, 'Ready Masalas', 1, 28, '9bl20xVyATXCsud.png'),
(53, 'Powdered Spices', 1, 28, 'C43cIPEkrt7ZWDR.png'),
(54, 'Cookies', 1, 32, 'mnQDo4YsV7lkE5W.png'),
(55, 'Agarbatti & Dhoop', 1, 49, 'ml164ihwZUcjCv7.png'),
(56, 'Toothpaste', 1, 44, 'MLSF7IBKJ92WVOo.png'),
(57, 'Soyabean Oil', 1, 26, 'NfWPDLkjBe0l4E7.png'),
(58, 'Hair Colour', 1, 43, 'TKkqGQBVmFUW7LE.png'),
(59, 'Namkeen', 1, 33, 'y6AsF8f1wbIxQLO.png'),
(60, 'mosquito Repellants', 1, 48, 'aMYX6jSPZz8vfLy.png'),
(61, 'Hair Oil', 1, 43, 'jSZqL8VTIdrsva3.png'),
(62, ' Pooja Ghee', 1, 49, 'ANZiPEsfIlbROWB.png'),
(63, 'Ketchups', 1, 38, 'Hkq3pAry2dif58b.png'),
(64, 'Vinegar', 1, 41, 'LfPrGwNDX5RTtWM.png'),
(65, 'Milk Powder', 1, 24, 'sthn9oT63lv8Xir.png'),
(66, 'Fabric Care', 1, 45, '0VBjPb3IxMQX5of.png'),
(67, 'Toilet Cleaners', 1, 47, 'HVuAiYC6hvNac0g.png'),
(68, 'Mustard Oil', 1, 26, 'xUuqpgH5jBKFI1V.png'),
(69, 'Washing Bars', 1, 45, 'TRk8GQc3wv7Wj1i.png'),
(70, 'Chocolates', 1, 38, 'skutywxCpi0vqGF.png'),
(71, 'Soya chunks', 1, 25, '1vOGnaYAp9CQqek.png'),
(72, 'Cream Biscuits', 1, 32, 'fR0uXymrvlSQq79.png'),
(73, 'Milk & Gulcose ', 1, 32, '3a9cwQBApbPqY8L.png'),
(74, 'Rusk ', 1, 32, 'Yu2aIdZql0xVgHc.png'),
(75, 'Popcron, Papad & Fryums', 1, 33, '5Z9JbAtz74qeBFI.png'),
(76, 'Salty ', 1, 32, 'UyMgO5IhumXGKod.png'),
(77, 'Tea', 1, 34, 'ybwfFdMABxKSs0D.png'),
(78, 'Marie & Digestive', 1, 32, '7DvYoIZsShNyRHL.png'),
(79, 'Cake', 1, 38, 'AxZaXGfEQHR8SkF.png'),
(80, 'Noodles', 1, 36, 'IYyT87OJwHcQK5s.png'),
(81, 'Fast Food', 1, 15, '0FaJzIqWMtnfxbu.png'),
(82, 'Pizza ', 1, 81, 'CXgIBUPfAz0ZTLh.png'),
(83, 'Burger', 1, 81, 'MfUoYiPZwKuAqnC.png'),
(84, 'Veg. Pizza', 1, 82, 'kaIoNxCMyh2Vje0.png'),
(85, 'Veg. Cheese Pizza', 1, 82, 'xyP3OwCuFADgGzj.png'),
(86, 'Chicken Pizza', 1, 82, 'OUl8D9jrwFAimTZ.png'),
(87, 'Chicken Cheese Pizza', 1, 82, 'W0PdKZgnBcFbS8m.png'),
(88, 'veg. Burger', 1, 83, 'sT12Ak9zpwLa3eC.png'),
(89, 'veg. Cheese Burger', 1, 83, 'oHVyQUrPeNRASJT.png'),
(90, 'Chicken Burger', 1, 83, '5VR6gJ4qimLeQTa.png'),
(91, 'Chicken Cheese Burger', 1, 83, 'vHV3FbK7Bj1piIt.png'),
(92, 'Sandwich', 1, 81, '0iXM4GebTEy5ZJU.png'),
(93, 'veg. Sanwich', 1, 92, 'UZ53iyYGQ1JTP8V.png'),
(94, 'Veg. Cheese Sanwich', 1, 92, 'VXfCg9F1dMLPak5.png'),
(95, 'Chicken  Sanwich', 1, 92, 'gqrWmQzFcph8KXn.png'),
(96, 'Chicken Cheese Sanwich', 1, 92, 'J2IHywha6qi4fR3.png'),
(97, 'Sweets ', 1, 15, 'hZi6yePT7DjYICp.png'),
(98, 'Biryani', 1, 81, 'BxmrfwETSIAWjqU.png'),
(99, 'Veg Biryani', 1, 98, 'NWjLPKVxuB8zSpD.png'),
(100, 'Non-Veg Biryani', 1, 98, '0p5F7ej4O12NmTS.png'),
(101, 'Crispy', 1, 81, 'ndDkzahZugyFL1O.png'),
(102, 'Veg Crispy', 1, 101, 'BO89gTCS4tHahUb.png'),
(103, 'Non-Veg Crispy', 1, 101, 'puj8sJz3wmvc6e7.png'),
(104, 'Twister', 1, 81, 'BGXxzcbydkgw40h.png'),
(105, 'Veg Twister', 1, 104, 'mo3c8kLX9MKDg7Z.png'),
(106, 'Non-Veg Twister', 1, 104, 't0W3H6hBa1IdE7l.png'),
(107, 'Drink', 1, 15, 'LXWHG9y31ZYqRUT.png'),
(108, 'Non-veg', 1, 81, 'oj5zQlASgUGyHuk.png'),
(109, 'Manchuriyan', 1, 81, 'a4psHMG7jrSQIqK.png'),
(110, 'Veg Manchuriyan', 1, 109, 'QEHn06zaAJWdVP9.png'),
(111, 'Non-Veg Manchuriyan', 1, 109, 'ewnl1Tu2H7vLYmk.png'),
(112, 'Noodles', 1, 81, 'iRY8n9uNpJQgXdK.png'),
(113, 'Veg Noodles', 1, 112, 'jfqtg03oLFMyrWn.png'),
(114, 'Non-Veg Noodles', 1, 112, 'whNckEv2fnFrTQS.png'),
(115, 'pasta', 1, 81, 'fXQuUYKr764OMBk.png'),
(116, 'Veg pasta', 1, 115, '87kn2yfsVwbEGHK.png'),
(117, 'Non-Veg pasta', 1, 115, 'I1AUNvHnW48tpQD.png'),
(118, 'Salt', 1, 31, 'KpuxZ5DaYMJ81n6.png'),
(119, 'Detergents', 1, 45, 'AbXW0B5nGE6uc3j.png'),
(120, 'Dishwash Bar', 1, 46, 'JyXiosG1zSamV45.png'),
(121, 'Health Care', 0, NULL, ''),
(122, 'Home Medicines', 1, 121, 'fSZ9mo5MyGqNFrU.png'),
(123, 'Eye Care', 1, 122, 'J49B65Htpib3zaj.png'),
(124, 'Eye Drops', 1, 123, 'DOvAp1GTM53jgYb.png'),
(125, 'Wheat Atta', 1, 27, 'tjCz8NrXuU9J4AP.png'),
(126, 'Breakfast Cereals', 1, 21, 'BdXI5msxE8AcqR6.png'),
(127, 'Flakes', 1, 126, 'h1FwS8K2oEgNTRQ.png'),
(128, 'Face Wash ', 1, 42, 'wZILBiXUM150zFT.png'),
(129, 'Whole spices', 1, 28, 'obAIHaYZizhguCy.png'),
(130, 'Ghee', 1, 26, 'DxsRoHqphBAQajG.png'),
(131, 'Hand Wash ', 1, 42, 'xuoscFlZhJgvCdE.png'),
(133, 'Cream, Lotions & Skin care', 1, 22, 'iS72QtsemLEhyzc.png'),
(134, 'Creams', 1, 133, 'xTrHL2gqpISo8iJ.png'),
(135, 'Juices', 1, 20, 'QaCL7FNwDOby1X8.png'),
(136, 'Giloy Juices', 1, 135, 'jHZJzp3UxWSIeoD.png'),
(137, 'Shampoo', 1, 43, 'oBVUIwka8KLJAxl.png'),
(138, 'Pickles', 1, 40, 'saISt7BJfVqOER0.png'),
(139, 'Immunity Booster', 1, 122, 'acXpF9yIGUN7POm.png'),
(140, 'Ayurvedic', 1, 139, 'EbDJ3VRY0NSjcGK.png'),
(141, 'Honey', 1, 39, 'T8RG2shD5kfZ9X7.png'),
(142, 'Jams', 1, 39, 'DiJkqUaoGIYHu7e.png'),
(143, 'Sweets & mithai', 1, 38, 'sju8QYRX7WMCDdv.png'),
(144, 'Hair care', 1, 122, 'NTRisMy9E7x8zF1.png'),
(145, 'Hair oil', 1, 144, 'ivZBkjUE2M5XTrR.png'),
(146, 'Shampoo', 1, 144, 'xDt0sAImKcfeHgU.png'),
(147, 'Body & Skin care', 1, 122, 'i1ms4RMruWGIFb9.png'),
(148, 'Cream', 1, 147, 'thvUmAT8Z1koDrW.png'),
(149, 'Oil', 1, 147, 'qoC3lprZGeFt9y1.png'),
(150, 'Soap', 1, 147, 'UdcN70QZX9xDHOk.png'),
(151, 'Paper & Disposables', 1, 23, 'Yv2dTI41ucDJwqE.png'),
(152, 'Aluminium foils', 1, 151, 'E3FRtUXW2xrLMv5.png'),
(153, 'Basmati Rice', 1, 29, 'bL5Zq0nyQeJsvWI.png'),
(154, 'Instant coffee', 1, 35, '9WwhzxZ4ac0Dbpu.png'),
(155, 'Floor Cleaners', 1, 47, 'E65UCPZmL2hwpu1.png'),
(156, 'Toor Dal', 1, 25, 'B3JyAjSFqWavuOz.png'),
(157, 'Urad  Dal', 1, 25, 'wht0ZdfblSn4GrQ.png'),
(158, 'Mung  Dal', 1, 25, 'eQWYG17ZnhqPNKB.png'),
(159, 'Chana  Dal', 1, 25, 'fLgO2itJ9o1c3N6.png'),
(160, 'Masur   Dal', 1, 25, 'cEPJhKB2MbequL6.png'),
(161, 'Sunflower Oil', 1, 26, 'DAcXdJYN8bIWGEL.png'),
(162, 'Rice Bran Oil', 1, 26, 'w2ZhMQAsvb17xzu.png'),
(163, 'Olive Oil', 1, 26, 'l7MOhYaW3t0wRos.png'),
(164, 'Ground nut Oil', 1, 26, 'UqpkDNKgFy8WjCJ.png'),
(165, 'Rice Flour', 1, 27, 'uo8zkOWLmE2hMj5.png'),
(166, 'Maida', 1, 27, 'eaxpZgNd61OICL8.png'),
(167, 'Suji', 1, 27, 'QBydM1LZ6z9YsX5.png'),
(168, 'Besan', 1, 27, '7XhCD4Q5i1sr86W.png'),
(169, 'Sattu', 1, 27, 'rs8971uv6oyLUpq.png'),
(170, 'Cooking herbs & Seasonings', 1, 28, 'WtQA4DvNOkXwJ7P.png'),
(171, 'Oosina Rice', 1, 29, 'PXdTBrWAfoy3Re8.png'),
(172, 'Cashew ', 1, 30, 'pqTshkm8fVaOnlo.png'),
(173, 'Almonds & Pistachio', 1, 30, 'OcNCawJF0yKQreE.png'),
(174, 'Dates & Raisins', 1, 30, 'NCjR6vreZ41iTE3.png'),
(175, 'Dried Food', 1, 30, 'E0skiavQJ1NbKYL.png'),
(176, 'Edible Seeds', 1, 30, 'NdJfTLt5gKmGOj9.png'),
(177, 'Sugar', 1, 31, 'Imj2KbiFErQuk6s.png'),
(178, 'Jaggery', 1, 31, 'reodw0ZLDibvBtC.png'),
(179, 'Haven items', 1, 49, ''),
(180, 'Chips', 1, 33, ''),
(181, 'Pasta', 1, 36, ''),
(182, 'Grains', 1, 27, ''),
(183, 'Flours', 1, 27, ''),
(184, 'Health Drink & Powder', 1, 147, ''),
(185, 'Deos, Perfumes & Talc', 1, 22, ''),
(186, ' Talc', 1, 185, ''),
(187, 'Cereal Bars', 1, 126, ''),
(188, 'Face pack & Scrubs ', 1, 133, ''),
(189, 'Candy & Gums', 1, 38, ''),
(190, 'Air Freshners', 1, 48, '');

-- --------------------------------------------------------

--
-- Table structure for table `cities`
--

CREATE TABLE `cities` (
  `id` int NOT NULL,
  `pincode_id` int NOT NULL,
  `city_name` varchar(100) NOT NULL,
  `distance` int NOT NULL
) ENGINE=InnoDB DEFAULT CHARSET=utf8;

--
-- Dumping data for table `cities`
--

INSERT INTO `cities` (`id`, `pincode_id`, `city_name`, `distance`) VALUES
(1, 1, 'Akri', 5),
(2, 1, 'Babura', 5),
(3, 1, 'Amarhi', 9),
(4, 1, 'Barahulli', 9),
(5, 14, 'Bare', 10),
(6, 1, 'Bariyarchak', 10),
(7, 1, 'Betari', 5),
(8, 1, 'Bhabua (main)(Nagar Parisad)', 1),
(9, 1, 'Bhathani', 8),
(10, 1, 'Bhekas', 5),
(11, 2, 'Bithalpur', 8),
(12, 1, 'Dumdum', 4),
(13, 1, 'Darauli', 11),
(14, 1, 'Dumri', 8),
(15, 1, 'Gunwan', 11),
(16, 1, 'Ghujua', 4),
(17, 1, 'Hahapur', 7),
(18, 1, 'Harnatanr', 10),
(19, 1, 'Hasanpura', 6),
(20, 1, 'Akhalashpur', 3),
(21, 1, 'Jadupur', 7),
(22, 1, 'Kamta', 9),
(23, 1, 'Kolaunj', 7),
(24, 1, 'Kunj', 7),
(25, 1, 'Kukrarh', 7),
(26, 1, 'Kurasan', 7),
(27, 1, 'Mahsua', 10),
(28, 1, 'Mokri', 8),
(29, 1, 'Nibi', 7),
(30, 1, 'Palka', 6),
(31, 1, 'Parasia', 7),
(32, 1, 'Purab Pokhra(Bus Stand)', 4),
(33, 14, 'Ratwar', 14),
(34, 1, 'Ruiya', 9),
(35, 1, 'Semaria', 2),
(36, 1, 'Sikathi', 5),
(37, 1, 'Silauta', 7),
(38, 1, 'Sonhan', 12),
(39, 2, 'Gobrachh', 6),
(40, 2, 'Khiri', 10),
(41, 2, 'Bhairopur', 6),
(42, 2, 'Padhauti', 10),
(43, 2, 'Bhagwanpur', 10);

-- --------------------------------------------------------

--
-- Table structure for table `city_price_relationships`
--

CREATE TABLE `city_price_relationships` (
  `id` int NOT NULL,
  `city_id` int NOT NULL,
  `price_id` int NOT NULL
) ENGINE=InnoDB DEFAULT CHARSET=utf8;

--
-- Dumping data for table `city_price_relationships`
--

INSERT INTO `city_price_relationships` (`id`, `city_id`, `price_id`) VALUES
(5, 1, 8),
(6, 2, 8),
(7, 3, 8),
(8, 4, 8),
(9, 6, 8),
(10, 7, 8),
(11, 8, 8),
(12, 9, 8),
(13, 10, 8),
(14, 12, 8),
(15, 13, 8),
(16, 14, 8),
(17, 15, 8),
(18, 16, 8),
(19, 17, 8),
(20, 18, 8),
(21, 19, 8),
(22, 20, 8),
(23, 21, 8),
(24, 22, 8),
(25, 23, 8),
(26, 24, 8),
(27, 25, 8),
(28, 26, 8),
(29, 27, 8),
(30, 28, 8),
(31, 29, 8),
(32, 30, 8),
(33, 31, 8),
(34, 32, 8),
(35, 34, 8),
(36, 35, 8),
(37, 36, 8),
(38, 37, 8),
(39, 38, 8),
(40, 11, 8),
(41, 39, 8),
(42, 40, 8),
(43, 41, 8),
(44, 42, 8),
(45, 5, 8),
(46, 33, 8),
(47, 1, 9),
(48, 2, 9),
(49, 3, 9),
(50, 4, 9),
(51, 6, 9),
(52, 7, 9),
(53, 8, 9),
(54, 9, 9),
(55, 10, 9),
(56, 12, 9),
(57, 13, 9),
(58, 14, 9),
(59, 15, 9),
(60, 16, 9),
(61, 17, 9),
(62, 18, 9),
(63, 19, 9),
(64, 20, 9),
(65, 21, 9),
(66, 22, 9),
(67, 23, 9),
(68, 24, 9),
(69, 25, 9),
(70, 26, 9),
(71, 27, 9),
(72, 28, 9),
(73, 29, 9),
(74, 30, 9),
(75, 31, 9),
(76, 32, 9),
(77, 34, 9),
(78, 35, 9),
(79, 36, 9),
(80, 37, 9),
(81, 38, 9),
(82, 11, 9),
(83, 39, 9),
(84, 40, 9),
(85, 41, 9),
(86, 42, 9),
(87, 5, 9),
(88, 33, 9),
(89, 1, 10),
(90, 2, 10),
(91, 3, 10),
(92, 4, 10),
(93, 6, 10),
(94, 7, 10),
(95, 8, 10),
(96, 9, 10),
(97, 10, 10),
(98, 12, 10),
(99, 13, 10),
(100, 14, 10),
(101, 15, 10),
(102, 16, 10),
(103, 17, 10),
(104, 18, 10),
(105, 19, 10),
(106, 20, 10),
(107, 21, 10),
(108, 22, 10),
(109, 23, 10),
(110, 24, 10),
(111, 25, 10),
(112, 26, 10),
(113, 27, 10),
(114, 28, 10),
(115, 29, 10),
(116, 30, 10),
(117, 31, 10),
(118, 32, 10),
(119, 34, 10),
(120, 35, 10),
(121, 36, 10),
(122, 37, 10),
(123, 38, 10),
(124, 11, 10),
(125, 39, 10),
(126, 40, 10),
(127, 41, 10),
(128, 42, 10),
(129, 5, 10),
(130, 33, 10),
(173, 1, 12),
(174, 2, 12),
(175, 3, 12),
(176, 4, 12),
(177, 6, 12),
(178, 7, 12),
(179, 8, 12),
(180, 9, 12),
(181, 10, 12),
(182, 12, 12),
(183, 13, 12),
(184, 14, 12),
(185, 15, 12),
(186, 16, 12),
(187, 17, 12),
(188, 18, 12),
(189, 19, 12),
(190, 20, 12),
(191, 21, 12),
(192, 22, 12),
(193, 23, 12),
(194, 24, 12),
(195, 25, 12),
(196, 26, 12),
(197, 27, 12),
(198, 28, 12),
(199, 29, 12),
(200, 30, 12),
(201, 31, 12),
(202, 32, 12),
(203, 34, 12),
(204, 35, 12),
(205, 36, 12),
(206, 37, 12),
(207, 38, 12),
(208, 11, 12),
(209, 39, 12),
(210, 40, 12),
(211, 41, 12),
(212, 42, 12),
(213, 5, 12),
(214, 33, 12),
(215, 1, 13),
(216, 2, 13),
(217, 3, 13),
(218, 4, 13),
(219, 6, 13),
(220, 7, 13),
(221, 8, 13),
(222, 9, 13),
(223, 10, 13),
(224, 12, 13),
(225, 13, 13),
(226, 14, 13),
(227, 15, 13),
(228, 16, 13),
(229, 17, 13),
(230, 18, 13),
(231, 19, 13),
(232, 20, 13),
(233, 21, 13),
(234, 22, 13),
(235, 23, 13),
(236, 24, 13),
(237, 25, 13),
(238, 26, 13),
(239, 27, 13),
(240, 28, 13),
(241, 29, 13),
(242, 30, 13),
(243, 31, 13),
(244, 32, 13),
(245, 34, 13),
(246, 35, 13),
(247, 36, 13),
(248, 37, 13),
(249, 38, 13),
(250, 11, 13),
(251, 39, 13),
(252, 40, 13),
(253, 41, 13),
(254, 42, 13),
(255, 5, 13),
(256, 33, 13),
(257, 1, 14),
(258, 2, 14),
(259, 3, 14),
(260, 4, 14),
(261, 6, 14),
(262, 7, 14),
(263, 8, 14),
(264, 9, 14),
(265, 10, 14),
(266, 12, 14),
(267, 13, 14),
(268, 14, 14),
(269, 15, 14),
(270, 16, 14),
(271, 17, 14),
(272, 18, 14),
(273, 19, 14),
(274, 20, 14),
(275, 21, 14),
(276, 22, 14),
(277, 23, 14),
(278, 24, 14),
(279, 25, 14),
(280, 26, 14),
(281, 27, 14),
(282, 28, 14),
(283, 29, 14),
(284, 30, 14),
(285, 31, 14),
(286, 32, 14),
(287, 34, 14),
(288, 35, 14),
(289, 36, 14),
(290, 37, 14),
(291, 38, 14),
(292, 11, 14),
(293, 39, 14),
(294, 40, 14),
(295, 41, 14),
(296, 42, 14),
(297, 5, 14),
(298, 33, 14),
(299, 1, 15),
(300, 2, 15),
(301, 3, 15),
(302, 4, 15),
(303, 6, 15),
(304, 7, 15),
(305, 8, 15),
(306, 9, 15),
(307, 10, 15),
(308, 12, 15),
(309, 13, 15),
(310, 14, 15),
(311, 15, 15),
(312, 16, 15),
(313, 17, 15),
(314, 18, 15),
(315, 19, 15),
(316, 20, 15),
(317, 21, 15),
(318, 22, 15),
(319, 23, 15),
(320, 24, 15),
(321, 25, 15),
(322, 26, 15),
(323, 27, 15),
(324, 28, 15),
(325, 29, 15),
(326, 30, 15),
(327, 31, 15),
(328, 32, 15),
(329, 34, 15),
(330, 35, 15),
(331, 36, 15),
(332, 37, 15),
(333, 38, 15),
(334, 11, 15),
(335, 39, 15),
(336, 40, 15),
(337, 41, 15),
(338, 42, 15),
(339, 5, 15),
(340, 33, 15),
(341, 1, 16),
(342, 2, 16),
(343, 3, 16),
(344, 4, 16),
(345, 6, 16),
(346, 7, 16),
(347, 8, 16),
(348, 9, 16),
(349, 10, 16),
(350, 12, 16),
(351, 13, 16),
(352, 14, 16),
(353, 15, 16),
(354, 16, 16),
(355, 17, 16),
(356, 18, 16),
(357, 19, 16),
(358, 20, 16),
(359, 21, 16),
(360, 22, 16),
(361, 23, 16),
(362, 24, 16),
(363, 25, 16),
(364, 26, 16),
(365, 27, 16),
(366, 28, 16),
(367, 29, 16),
(368, 30, 16),
(369, 31, 16),
(370, 32, 16),
(371, 34, 16),
(372, 35, 16),
(373, 36, 16),
(374, 37, 16),
(375, 38, 16),
(376, 11, 16),
(377, 39, 16),
(378, 40, 16),
(379, 41, 16),
(380, 42, 16),
(381, 5, 16),
(382, 33, 16),
(383, 1, 17),
(384, 2, 17),
(385, 3, 17),
(386, 4, 17),
(387, 6, 17),
(388, 7, 17),
(389, 8, 17),
(390, 9, 17),
(391, 10, 17),
(392, 12, 17),
(393, 13, 17),
(394, 14, 17),
(395, 15, 17),
(396, 16, 17),
(397, 17, 17),
(398, 18, 17),
(399, 19, 17),
(400, 20, 17),
(401, 21, 17),
(402, 22, 17),
(403, 23, 17),
(404, 24, 17),
(405, 25, 17),
(406, 26, 17),
(407, 27, 17),
(408, 28, 17),
(409, 29, 17),
(410, 30, 17),
(411, 31, 17),
(412, 32, 17),
(413, 34, 17),
(414, 35, 17),
(415, 36, 17),
(416, 37, 17),
(417, 38, 17),
(418, 11, 17),
(419, 39, 17),
(420, 40, 17),
(421, 41, 17),
(422, 42, 17),
(423, 5, 17),
(424, 33, 17),
(425, 1, 18),
(426, 2, 18),
(427, 3, 18),
(428, 4, 18),
(429, 6, 18),
(430, 7, 18),
(431, 8, 18),
(432, 9, 18),
(433, 10, 18),
(434, 12, 18),
(435, 13, 18),
(436, 14, 18),
(437, 15, 18),
(438, 16, 18),
(439, 17, 18),
(440, 18, 18),
(441, 19, 18),
(442, 20, 18),
(443, 21, 18),
(444, 22, 18),
(445, 23, 18),
(446, 24, 18),
(447, 25, 18),
(448, 26, 18),
(449, 27, 18),
(450, 28, 18),
(451, 29, 18),
(452, 30, 18),
(453, 31, 18),
(454, 32, 18),
(455, 34, 18),
(456, 35, 18),
(457, 36, 18),
(458, 37, 18),
(459, 38, 18),
(460, 11, 18),
(461, 39, 18),
(462, 40, 18),
(463, 41, 18),
(464, 42, 18),
(465, 5, 18),
(466, 33, 18),
(467, 1, 19),
(468, 2, 19),
(469, 3, 19),
(470, 4, 19),
(471, 6, 19),
(472, 7, 19),
(473, 8, 19),
(474, 9, 19),
(475, 10, 19),
(476, 12, 19),
(477, 13, 19),
(478, 14, 19),
(479, 15, 19),
(480, 16, 19),
(481, 17, 19),
(482, 18, 19),
(483, 19, 19),
(484, 20, 19),
(485, 21, 19),
(486, 22, 19),
(487, 23, 19),
(488, 24, 19),
(489, 25, 19),
(490, 26, 19),
(491, 27, 19),
(492, 28, 19),
(493, 29, 19),
(494, 30, 19),
(495, 31, 19),
(496, 32, 19),
(497, 34, 19),
(498, 35, 19),
(499, 36, 19),
(500, 37, 19),
(501, 38, 19),
(502, 11, 19),
(503, 39, 19),
(504, 40, 19),
(505, 41, 19),
(506, 42, 19),
(507, 5, 19),
(508, 33, 19),
(509, 1, 20),
(510, 2, 20),
(511, 3, 20),
(512, 4, 20),
(513, 6, 20),
(514, 7, 20),
(515, 8, 20),
(516, 9, 20),
(517, 10, 20),
(518, 12, 20),
(519, 13, 20),
(520, 14, 20),
(521, 15, 20),
(522, 16, 20),
(523, 17, 20),
(524, 18, 20),
(525, 19, 20),
(526, 20, 20),
(527, 21, 20),
(528, 22, 20),
(529, 23, 20),
(530, 24, 20),
(531, 25, 20),
(532, 26, 20),
(533, 27, 20),
(534, 28, 20),
(535, 29, 20),
(536, 30, 20),
(537, 31, 20),
(538, 32, 20),
(539, 34, 20),
(540, 35, 20),
(541, 36, 20),
(542, 37, 20),
(543, 38, 20),
(544, 11, 20),
(545, 39, 20),
(546, 40, 20),
(547, 41, 20),
(548, 42, 20),
(549, 5, 20),
(550, 33, 20),
(551, 1, 21),
(552, 2, 21),
(553, 3, 21),
(554, 4, 21),
(555, 6, 21),
(556, 7, 21),
(557, 8, 21),
(558, 9, 21),
(559, 10, 21),
(560, 12, 21),
(561, 13, 21),
(562, 14, 21),
(563, 15, 21),
(564, 16, 21),
(565, 17, 21),
(566, 18, 21),
(567, 19, 21),
(568, 20, 21),
(569, 21, 21),
(570, 22, 21),
(571, 23, 21),
(572, 24, 21),
(573, 25, 21),
(574, 26, 21),
(575, 27, 21),
(576, 28, 21),
(577, 29, 21),
(578, 30, 21),
(579, 31, 21),
(580, 32, 21),
(581, 34, 21),
(582, 35, 21),
(583, 36, 21),
(584, 37, 21),
(585, 38, 21),
(586, 11, 21),
(587, 39, 21),
(588, 40, 21),
(589, 41, 21),
(590, 42, 21),
(591, 5, 21),
(592, 33, 21),
(593, 1, 22),
(594, 2, 22),
(595, 3, 22),
(596, 4, 22),
(597, 6, 22),
(598, 7, 22),
(599, 8, 22),
(600, 9, 22),
(601, 10, 22),
(602, 12, 22),
(603, 13, 22),
(604, 14, 22),
(605, 15, 22),
(606, 16, 22),
(607, 17, 22),
(608, 18, 22),
(609, 19, 22),
(610, 20, 22),
(611, 21, 22),
(612, 22, 22),
(613, 23, 22),
(614, 24, 22),
(615, 25, 22),
(616, 26, 22),
(617, 27, 22),
(618, 28, 22),
(619, 29, 22),
(620, 30, 22),
(621, 31, 22),
(622, 32, 22),
(623, 34, 22),
(624, 35, 22),
(625, 36, 22),
(626, 37, 22),
(627, 38, 22),
(628, 11, 22),
(629, 39, 22),
(630, 40, 22),
(631, 41, 22),
(632, 42, 22),
(633, 5, 22),
(634, 33, 22),
(635, 1, 23),
(636, 2, 23),
(637, 3, 23),
(638, 4, 23),
(639, 6, 23),
(640, 7, 23),
(641, 8, 23),
(642, 9, 23),
(643, 10, 23),
(644, 12, 23),
(645, 13, 23),
(646, 14, 23),
(647, 15, 23),
(648, 16, 23),
(649, 17, 23),
(650, 18, 23),
(651, 19, 23),
(652, 20, 23),
(653, 21, 23),
(654, 22, 23),
(655, 23, 23),
(656, 24, 23),
(657, 25, 23),
(658, 26, 23),
(659, 27, 23),
(660, 28, 23),
(661, 29, 23),
(662, 30, 23),
(663, 31, 23),
(664, 32, 23),
(665, 34, 23),
(666, 35, 23),
(667, 36, 23),
(668, 37, 23),
(669, 38, 23),
(670, 11, 23),
(671, 39, 23),
(672, 40, 23),
(673, 41, 23),
(674, 42, 23),
(675, 5, 23),
(676, 33, 23),
(677, 1, 24),
(678, 2, 24),
(679, 3, 24),
(680, 4, 24),
(681, 6, 24),
(682, 7, 24),
(683, 8, 24),
(684, 9, 24),
(685, 10, 24),
(686, 12, 24),
(687, 13, 24),
(688, 14, 24),
(689, 15, 24),
(690, 16, 24),
(691, 17, 24),
(692, 18, 24),
(693, 19, 24),
(694, 20, 24),
(695, 21, 24),
(696, 22, 24),
(697, 23, 24),
(698, 24, 24),
(699, 25, 24),
(700, 26, 24),
(701, 27, 24),
(702, 28, 24),
(703, 29, 24),
(704, 30, 24),
(705, 31, 24),
(706, 32, 24),
(707, 34, 24),
(708, 35, 24),
(709, 36, 24),
(710, 37, 24),
(711, 38, 24),
(712, 11, 24),
(713, 39, 24),
(714, 40, 24),
(715, 41, 24),
(716, 42, 24),
(717, 5, 24),
(718, 33, 24),
(719, 1, 25),
(720, 2, 25),
(721, 3, 25),
(722, 4, 25),
(723, 6, 25),
(724, 7, 25),
(725, 8, 25),
(726, 9, 25),
(727, 10, 25),
(728, 12, 25),
(729, 13, 25),
(730, 14, 25),
(731, 15, 25),
(732, 16, 25),
(733, 17, 25),
(734, 18, 25),
(735, 19, 25),
(736, 20, 25),
(737, 21, 25),
(738, 22, 25),
(739, 23, 25),
(740, 24, 25),
(741, 25, 25),
(742, 26, 25),
(743, 27, 25),
(744, 28, 25),
(745, 29, 25),
(746, 30, 25),
(747, 31, 25),
(748, 32, 25),
(749, 34, 25),
(750, 35, 25),
(751, 36, 25),
(752, 37, 25),
(753, 38, 25),
(754, 11, 25),
(755, 39, 25),
(756, 40, 25),
(757, 41, 25),
(758, 42, 25),
(759, 5, 25),
(760, 33, 25),
(761, 1, 26),
(762, 2, 26),
(763, 3, 26),
(764, 4, 26),
(765, 6, 26),
(766, 7, 26),
(767, 8, 26),
(768, 9, 26),
(769, 10, 26),
(770, 12, 26),
(771, 13, 26),
(772, 14, 26),
(773, 15, 26),
(774, 16, 26),
(775, 17, 26),
(776, 18, 26),
(777, 19, 26),
(778, 20, 26),
(779, 21, 26),
(780, 22, 26),
(781, 23, 26),
(782, 24, 26),
(783, 25, 26),
(784, 26, 26),
(785, 27, 26),
(786, 28, 26),
(787, 29, 26),
(788, 30, 26),
(789, 31, 26),
(790, 32, 26),
(791, 34, 26),
(792, 35, 26),
(793, 36, 26),
(794, 37, 26),
(795, 38, 26),
(796, 11, 26),
(797, 39, 26),
(798, 40, 26),
(799, 41, 26),
(800, 42, 26),
(801, 5, 26),
(802, 33, 26),
(803, 1, 27),
(804, 2, 27),
(805, 3, 27),
(806, 4, 27),
(807, 6, 27),
(808, 7, 27),
(809, 8, 27),
(810, 9, 27),
(811, 10, 27),
(812, 12, 27),
(813, 13, 27),
(814, 14, 27),
(815, 15, 27),
(816, 16, 27),
(817, 17, 27),
(818, 18, 27),
(819, 19, 27),
(820, 20, 27),
(821, 21, 27),
(822, 22, 27),
(823, 23, 27),
(824, 24, 27),
(825, 25, 27),
(826, 26, 27),
(827, 27, 27),
(828, 28, 27),
(829, 29, 27),
(830, 30, 27),
(831, 31, 27),
(832, 32, 27),
(833, 34, 27),
(834, 35, 27),
(835, 36, 27),
(836, 37, 27),
(837, 38, 27),
(838, 11, 27),
(839, 39, 27),
(840, 40, 27),
(841, 41, 27),
(842, 42, 27),
(843, 5, 27),
(844, 33, 27),
(845, 1, 28),
(846, 2, 28),
(847, 3, 28),
(848, 4, 28),
(849, 6, 28),
(850, 7, 28),
(851, 8, 28),
(852, 9, 28),
(853, 10, 28),
(854, 12, 28),
(855, 13, 28),
(856, 14, 28),
(857, 15, 28),
(858, 16, 28),
(859, 17, 28),
(860, 18, 28),
(861, 19, 28),
(862, 20, 28),
(863, 21, 28),
(864, 22, 28),
(865, 23, 28),
(866, 24, 28),
(867, 25, 28),
(868, 26, 28),
(869, 27, 28),
(870, 28, 28),
(871, 29, 28),
(872, 30, 28),
(873, 31, 28),
(874, 32, 28),
(875, 34, 28),
(876, 35, 28),
(877, 36, 28),
(878, 37, 28),
(879, 38, 28),
(880, 11, 28),
(881, 39, 28),
(882, 40, 28),
(883, 41, 28),
(884, 42, 28),
(885, 5, 28),
(886, 33, 28),
(887, 1, 29),
(888, 2, 29),
(889, 3, 29),
(890, 4, 29),
(891, 6, 29),
(892, 7, 29),
(893, 8, 29),
(894, 9, 29),
(895, 10, 29),
(896, 12, 29),
(897, 13, 29),
(898, 14, 29),
(899, 15, 29),
(900, 16, 29),
(901, 17, 29),
(902, 18, 29),
(903, 19, 29),
(904, 20, 29),
(905, 21, 29),
(906, 22, 29),
(907, 23, 29),
(908, 24, 29),
(909, 25, 29),
(910, 26, 29),
(911, 27, 29),
(912, 28, 29),
(913, 29, 29),
(914, 30, 29),
(915, 31, 29),
(916, 32, 29),
(917, 34, 29),
(918, 35, 29),
(919, 36, 29),
(920, 37, 29),
(921, 38, 29),
(922, 11, 29),
(923, 39, 29),
(924, 40, 29),
(925, 41, 29),
(926, 42, 29),
(927, 5, 29),
(928, 33, 29),
(929, 1, 30),
(930, 2, 30),
(931, 3, 30),
(932, 4, 30),
(933, 6, 30),
(934, 7, 30),
(935, 8, 30),
(936, 9, 30),
(937, 10, 30),
(938, 12, 30),
(939, 13, 30),
(940, 14, 30),
(941, 15, 30),
(942, 16, 30),
(943, 17, 30),
(944, 18, 30),
(945, 19, 30),
(946, 20, 30),
(947, 21, 30),
(948, 22, 30),
(949, 23, 30),
(950, 24, 30),
(951, 25, 30),
(952, 26, 30),
(953, 27, 30),
(954, 28, 30),
(955, 29, 30),
(956, 30, 30),
(957, 31, 30),
(958, 32, 30),
(959, 34, 30),
(960, 35, 30),
(961, 36, 30),
(962, 37, 30),
(963, 38, 30),
(964, 11, 30),
(965, 39, 30),
(966, 40, 30),
(967, 41, 30),
(968, 42, 30),
(969, 5, 30),
(970, 33, 30),
(971, 1, 31),
(972, 2, 31),
(973, 3, 31),
(974, 4, 31),
(975, 6, 31),
(976, 7, 31),
(977, 8, 31),
(978, 9, 31),
(979, 10, 31),
(980, 12, 31),
(981, 13, 31),
(982, 14, 31),
(983, 15, 31),
(984, 16, 31),
(985, 17, 31),
(986, 18, 31),
(987, 19, 31),
(988, 20, 31),
(989, 21, 31),
(990, 22, 31),
(991, 23, 31),
(992, 24, 31),
(993, 25, 31),
(994, 26, 31),
(995, 27, 31),
(996, 28, 31),
(997, 29, 31),
(998, 30, 31),
(999, 31, 31),
(1000, 32, 31),
(1001, 34, 31),
(1002, 35, 31),
(1003, 36, 31),
(1004, 37, 31),
(1005, 38, 31),
(1006, 11, 31),
(1007, 39, 31),
(1008, 40, 31),
(1009, 41, 31),
(1010, 42, 31),
(1011, 5, 31),
(1012, 33, 31),
(1013, 1, 32),
(1014, 2, 32),
(1015, 3, 32),
(1016, 4, 32),
(1017, 6, 32),
(1018, 7, 32),
(1019, 8, 32),
(1020, 9, 32),
(1021, 10, 32),
(1022, 12, 32),
(1023, 13, 32),
(1024, 14, 32),
(1025, 15, 32),
(1026, 16, 32),
(1027, 17, 32),
(1028, 18, 32),
(1029, 19, 32),
(1030, 20, 32),
(1031, 21, 32),
(1032, 22, 32),
(1033, 23, 32),
(1034, 24, 32),
(1035, 25, 32),
(1036, 26, 32),
(1037, 27, 32),
(1038, 28, 32),
(1039, 29, 32),
(1040, 30, 32),
(1041, 31, 32),
(1042, 32, 32),
(1043, 34, 32),
(1044, 35, 32),
(1045, 36, 32),
(1046, 37, 32),
(1047, 38, 32),
(1048, 11, 32),
(1049, 39, 32),
(1050, 40, 32),
(1051, 41, 32),
(1052, 42, 32),
(1053, 5, 32),
(1054, 33, 32),
(1055, 1, 33),
(1056, 2, 33),
(1057, 3, 33),
(1058, 4, 33),
(1059, 6, 33),
(1060, 7, 33),
(1061, 8, 33),
(1062, 9, 33),
(1063, 10, 33),
(1064, 12, 33),
(1065, 13, 33),
(1066, 14, 33),
(1067, 15, 33),
(1068, 16, 33),
(1069, 17, 33),
(1070, 18, 33),
(1071, 19, 33),
(1072, 20, 33),
(1073, 21, 33),
(1074, 22, 33),
(1075, 23, 33),
(1076, 24, 33),
(1077, 25, 33),
(1078, 26, 33),
(1079, 27, 33),
(1080, 28, 33),
(1081, 29, 33),
(1082, 30, 33),
(1083, 31, 33),
(1084, 32, 33),
(1085, 34, 33),
(1086, 35, 33),
(1087, 36, 33),
(1088, 37, 33),
(1089, 38, 33),
(1090, 11, 33),
(1091, 39, 33),
(1092, 40, 33),
(1093, 41, 33),
(1094, 42, 33),
(1095, 5, 33),
(1096, 33, 33),
(1097, 1, 34),
(1098, 2, 34),
(1099, 3, 34),
(1100, 4, 34),
(1101, 6, 34),
(1102, 7, 34),
(1103, 8, 34),
(1104, 9, 34),
(1105, 10, 34),
(1106, 12, 34),
(1107, 13, 34),
(1108, 14, 34),
(1109, 15, 34),
(1110, 16, 34),
(1111, 17, 34),
(1112, 18, 34),
(1113, 19, 34),
(1114, 20, 34),
(1115, 21, 34),
(1116, 22, 34),
(1117, 23, 34),
(1118, 24, 34),
(1119, 25, 34),
(1120, 26, 34),
(1121, 27, 34),
(1122, 28, 34),
(1123, 29, 34),
(1124, 30, 34),
(1125, 31, 34),
(1126, 32, 34),
(1127, 34, 34),
(1128, 35, 34),
(1129, 36, 34),
(1130, 37, 34),
(1131, 38, 34),
(1132, 11, 34),
(1133, 39, 34),
(1134, 40, 34),
(1135, 41, 34),
(1136, 42, 34),
(1137, 5, 34),
(1138, 33, 34),
(1139, 1, 35),
(1140, 2, 35),
(1141, 3, 35),
(1142, 4, 35),
(1143, 6, 35),
(1144, 7, 35),
(1145, 8, 35),
(1146, 9, 35),
(1147, 10, 35),
(1148, 12, 35),
(1149, 13, 35),
(1150, 14, 35),
(1151, 15, 35),
(1152, 16, 35),
(1153, 17, 35),
(1154, 18, 35),
(1155, 19, 35),
(1156, 20, 35),
(1157, 21, 35),
(1158, 22, 35),
(1159, 23, 35),
(1160, 24, 35),
(1161, 25, 35),
(1162, 26, 35),
(1163, 27, 35),
(1164, 28, 35),
(1165, 29, 35),
(1166, 30, 35),
(1167, 31, 35),
(1168, 32, 35),
(1169, 34, 35),
(1170, 35, 35),
(1171, 36, 35),
(1172, 37, 35),
(1173, 38, 35),
(1174, 11, 35),
(1175, 39, 35),
(1176, 40, 35),
(1177, 41, 35),
(1178, 42, 35),
(1179, 5, 35),
(1180, 33, 35),
(1181, 1, 36),
(1182, 2, 36),
(1183, 3, 36),
(1184, 4, 36),
(1185, 6, 36),
(1186, 7, 36),
(1187, 8, 36),
(1188, 9, 36),
(1189, 10, 36),
(1190, 12, 36),
(1191, 13, 36),
(1192, 14, 36),
(1193, 15, 36),
(1194, 16, 36),
(1195, 17, 36),
(1196, 18, 36),
(1197, 19, 36),
(1198, 20, 36),
(1199, 21, 36),
(1200, 22, 36),
(1201, 23, 36),
(1202, 24, 36),
(1203, 25, 36),
(1204, 26, 36),
(1205, 27, 36),
(1206, 28, 36),
(1207, 29, 36),
(1208, 30, 36),
(1209, 31, 36),
(1210, 32, 36),
(1211, 34, 36),
(1212, 35, 36),
(1213, 36, 36),
(1214, 37, 36),
(1215, 38, 36),
(1216, 11, 36),
(1217, 39, 36),
(1218, 40, 36),
(1219, 41, 36),
(1220, 42, 36),
(1221, 5, 36),
(1222, 33, 36),
(1223, 1, 37),
(1224, 2, 37),
(1225, 3, 37),
(1226, 4, 37),
(1227, 6, 37),
(1228, 7, 37),
(1229, 8, 37),
(1230, 9, 37),
(1231, 10, 37),
(1232, 12, 37),
(1233, 13, 37),
(1234, 14, 37),
(1235, 15, 37),
(1236, 16, 37),
(1237, 17, 37),
(1238, 18, 37),
(1239, 19, 37),
(1240, 20, 37),
(1241, 21, 37),
(1242, 22, 37),
(1243, 23, 37),
(1244, 24, 37),
(1245, 25, 37),
(1246, 26, 37),
(1247, 27, 37),
(1248, 28, 37),
(1249, 29, 37),
(1250, 30, 37),
(1251, 31, 37),
(1252, 32, 37),
(1253, 34, 37),
(1254, 35, 37),
(1255, 36, 37),
(1256, 37, 37),
(1257, 38, 37),
(1258, 11, 37),
(1259, 39, 37),
(1260, 40, 37),
(1261, 41, 37),
(1262, 42, 37),
(1263, 5, 37),
(1264, 33, 37),
(1265, 1, 38),
(1266, 2, 38),
(1267, 3, 38),
(1268, 4, 38),
(1269, 6, 38),
(1270, 7, 38),
(1271, 8, 38),
(1272, 9, 38),
(1273, 10, 38),
(1274, 12, 38),
(1275, 13, 38),
(1276, 14, 38),
(1277, 15, 38),
(1278, 16, 38),
(1279, 17, 38),
(1280, 18, 38),
(1281, 19, 38),
(1282, 20, 38),
(1283, 21, 38),
(1284, 22, 38),
(1285, 23, 38),
(1286, 24, 38),
(1287, 25, 38),
(1288, 26, 38),
(1289, 27, 38),
(1290, 28, 38),
(1291, 29, 38),
(1292, 30, 38),
(1293, 31, 38),
(1294, 32, 38),
(1295, 34, 38),
(1296, 35, 38),
(1297, 36, 38),
(1298, 37, 38),
(1299, 38, 38),
(1300, 11, 38),
(1301, 39, 38),
(1302, 40, 38),
(1303, 41, 38),
(1304, 42, 38),
(1305, 5, 38),
(1306, 33, 38),
(1307, 1, 39),
(1308, 2, 39),
(1309, 3, 39),
(1310, 4, 39),
(1311, 6, 39),
(1312, 7, 39),
(1313, 8, 39),
(1314, 9, 39),
(1315, 10, 39),
(1316, 12, 39),
(1317, 13, 39),
(1318, 14, 39),
(1319, 15, 39),
(1320, 16, 39),
(1321, 17, 39),
(1322, 18, 39),
(1323, 19, 39),
(1324, 20, 39),
(1325, 21, 39),
(1326, 22, 39),
(1327, 23, 39),
(1328, 24, 39),
(1329, 25, 39),
(1330, 26, 39),
(1331, 27, 39),
(1332, 28, 39),
(1333, 29, 39),
(1334, 30, 39),
(1335, 31, 39),
(1336, 32, 39),
(1337, 34, 39),
(1338, 35, 39),
(1339, 36, 39),
(1340, 37, 39),
(1341, 38, 39),
(1342, 11, 39),
(1343, 39, 39),
(1344, 40, 39),
(1345, 41, 39),
(1346, 42, 39),
(1347, 5, 39),
(1348, 33, 39),
(1349, 1, 40),
(1350, 2, 40),
(1351, 3, 40),
(1352, 4, 40),
(1353, 6, 40),
(1354, 7, 40),
(1355, 8, 40),
(1356, 9, 40),
(1357, 10, 40),
(1358, 12, 40),
(1359, 13, 40),
(1360, 14, 40),
(1361, 15, 40),
(1362, 16, 40),
(1363, 17, 40),
(1364, 18, 40),
(1365, 19, 40),
(1366, 20, 40),
(1367, 21, 40),
(1368, 22, 40),
(1369, 23, 40),
(1370, 24, 40),
(1371, 25, 40),
(1372, 26, 40),
(1373, 27, 40),
(1374, 28, 40),
(1375, 29, 40),
(1376, 30, 40),
(1377, 31, 40),
(1378, 32, 40),
(1379, 34, 40),
(1380, 35, 40),
(1381, 36, 40),
(1382, 37, 40),
(1383, 38, 40),
(1384, 11, 40),
(1385, 39, 40),
(1386, 40, 40),
(1387, 41, 40),
(1388, 42, 40),
(1389, 5, 40),
(1390, 33, 40),
(1391, 1, 41),
(1392, 2, 41),
(1393, 3, 41),
(1394, 4, 41),
(1395, 6, 41),
(1396, 7, 41),
(1397, 8, 41),
(1398, 9, 41),
(1399, 10, 41),
(1400, 12, 41),
(1401, 13, 41),
(1402, 14, 41),
(1403, 15, 41),
(1404, 16, 41),
(1405, 17, 41),
(1406, 18, 41),
(1407, 19, 41),
(1408, 20, 41),
(1409, 21, 41),
(1410, 22, 41),
(1411, 23, 41),
(1412, 24, 41),
(1413, 25, 41),
(1414, 26, 41),
(1415, 27, 41),
(1416, 28, 41),
(1417, 29, 41),
(1418, 30, 41),
(1419, 31, 41),
(1420, 32, 41),
(1421, 34, 41),
(1422, 35, 41),
(1423, 36, 41),
(1424, 37, 41),
(1425, 38, 41),
(1426, 11, 41),
(1427, 39, 41),
(1428, 40, 41),
(1429, 41, 41),
(1430, 42, 41),
(1431, 5, 41),
(1432, 33, 41),
(1433, 1, 42),
(1434, 2, 42),
(1435, 3, 42),
(1436, 4, 42),
(1437, 6, 42),
(1438, 7, 42),
(1439, 8, 42),
(1440, 9, 42),
(1441, 10, 42),
(1442, 12, 42),
(1443, 13, 42),
(1444, 14, 42),
(1445, 15, 42),
(1446, 16, 42),
(1447, 17, 42),
(1448, 18, 42),
(1449, 19, 42),
(1450, 20, 42),
(1451, 21, 42),
(1452, 22, 42),
(1453, 23, 42),
(1454, 24, 42),
(1455, 25, 42),
(1456, 26, 42),
(1457, 27, 42),
(1458, 28, 42),
(1459, 29, 42),
(1460, 30, 42),
(1461, 31, 42),
(1462, 32, 42),
(1463, 34, 42),
(1464, 35, 42),
(1465, 36, 42),
(1466, 37, 42),
(1467, 38, 42),
(1468, 11, 42),
(1469, 39, 42),
(1470, 40, 42),
(1471, 41, 42),
(1472, 42, 42),
(1473, 5, 42),
(1474, 33, 42),
(1475, 1, 43),
(1476, 2, 43),
(1477, 3, 43),
(1478, 4, 43),
(1479, 6, 43),
(1480, 7, 43),
(1481, 8, 43),
(1482, 9, 43),
(1483, 10, 43),
(1484, 12, 43),
(1485, 13, 43),
(1486, 14, 43),
(1487, 15, 43),
(1488, 16, 43),
(1489, 17, 43),
(1490, 18, 43),
(1491, 19, 43),
(1492, 20, 43),
(1493, 21, 43),
(1494, 22, 43),
(1495, 23, 43),
(1496, 24, 43),
(1497, 25, 43),
(1498, 26, 43),
(1499, 27, 43),
(1500, 28, 43),
(1501, 29, 43),
(1502, 30, 43),
(1503, 31, 43),
(1504, 32, 43),
(1505, 34, 43),
(1506, 35, 43),
(1507, 36, 43),
(1508, 37, 43),
(1509, 38, 43),
(1510, 11, 43),
(1511, 39, 43),
(1512, 40, 43),
(1513, 41, 43),
(1514, 42, 43),
(1515, 5, 43),
(1516, 33, 43),
(1517, 1, 44),
(1518, 2, 44),
(1519, 3, 44),
(1520, 4, 44),
(1521, 6, 44),
(1522, 7, 44),
(1523, 8, 44),
(1524, 9, 44),
(1525, 10, 44),
(1526, 12, 44),
(1527, 13, 44),
(1528, 14, 44),
(1529, 15, 44),
(1530, 16, 44),
(1531, 17, 44),
(1532, 18, 44),
(1533, 19, 44),
(1534, 20, 44),
(1535, 21, 44),
(1536, 22, 44),
(1537, 23, 44),
(1538, 24, 44),
(1539, 25, 44),
(1540, 26, 44),
(1541, 27, 44),
(1542, 28, 44),
(1543, 29, 44),
(1544, 30, 44),
(1545, 31, 44),
(1546, 32, 44),
(1547, 34, 44),
(1548, 35, 44),
(1549, 36, 44),
(1550, 37, 44),
(1551, 38, 44),
(1552, 11, 44),
(1553, 39, 44),
(1554, 40, 44),
(1555, 41, 44),
(1556, 42, 44),
(1557, 5, 44),
(1558, 33, 44),
(1559, 1, 45),
(1560, 2, 45),
(1561, 3, 45),
(1562, 4, 45),
(1563, 6, 45),
(1564, 7, 45),
(1565, 8, 45),
(1566, 9, 45),
(1567, 10, 45),
(1568, 12, 45),
(1569, 13, 45),
(1570, 14, 45),
(1571, 15, 45),
(1572, 16, 45),
(1573, 17, 45),
(1574, 18, 45),
(1575, 19, 45),
(1576, 20, 45),
(1577, 21, 45),
(1578, 22, 45),
(1579, 23, 45),
(1580, 24, 45),
(1581, 25, 45),
(1582, 26, 45),
(1583, 27, 45),
(1584, 28, 45),
(1585, 29, 45),
(1586, 30, 45),
(1587, 31, 45),
(1588, 32, 45),
(1589, 34, 45),
(1590, 35, 45),
(1591, 36, 45),
(1592, 37, 45),
(1593, 38, 45),
(1594, 11, 45),
(1595, 39, 45),
(1596, 40, 45),
(1597, 41, 45),
(1598, 42, 45),
(1599, 5, 45),
(1600, 33, 45),
(1601, 1, 46),
(1602, 2, 46),
(1603, 3, 46),
(1604, 4, 46),
(1605, 6, 46),
(1606, 7, 46),
(1607, 8, 46),
(1608, 9, 46),
(1609, 10, 46),
(1610, 12, 46),
(1611, 13, 46),
(1612, 14, 46),
(1613, 15, 46),
(1614, 16, 46),
(1615, 17, 46),
(1616, 18, 46),
(1617, 19, 46),
(1618, 20, 46),
(1619, 21, 46),
(1620, 22, 46),
(1621, 23, 46),
(1622, 24, 46),
(1623, 25, 46),
(1624, 26, 46),
(1625, 27, 46),
(1626, 28, 46),
(1627, 29, 46),
(1628, 30, 46),
(1629, 31, 46),
(1630, 32, 46),
(1631, 34, 46),
(1632, 35, 46),
(1633, 36, 46),
(1634, 37, 46),
(1635, 38, 46),
(1636, 11, 46),
(1637, 39, 46),
(1638, 40, 46),
(1639, 41, 46),
(1640, 42, 46),
(1641, 5, 46),
(1642, 33, 46),
(1643, 1, 47),
(1644, 2, 47),
(1645, 3, 47),
(1646, 4, 47),
(1647, 6, 47),
(1648, 7, 47),
(1649, 8, 47),
(1650, 9, 47),
(1651, 10, 47),
(1652, 12, 47),
(1653, 13, 47),
(1654, 14, 47),
(1655, 15, 47),
(1656, 16, 47),
(1657, 17, 47),
(1658, 18, 47),
(1659, 19, 47),
(1660, 20, 47),
(1661, 21, 47),
(1662, 22, 47),
(1663, 23, 47),
(1664, 24, 47),
(1665, 25, 47),
(1666, 26, 47),
(1667, 27, 47),
(1668, 28, 47),
(1669, 29, 47),
(1670, 30, 47),
(1671, 31, 47),
(1672, 32, 47),
(1673, 34, 47),
(1674, 35, 47),
(1675, 36, 47),
(1676, 37, 47),
(1677, 38, 47),
(1678, 11, 47),
(1679, 39, 47),
(1680, 40, 47),
(1681, 41, 47),
(1682, 42, 47),
(1683, 5, 47),
(1684, 33, 47),
(1685, 1, 48),
(1686, 2, 48),
(1687, 3, 48),
(1688, 4, 48),
(1689, 6, 48),
(1690, 7, 48),
(1691, 8, 48),
(1692, 9, 48),
(1693, 10, 48),
(1694, 12, 48),
(1695, 13, 48),
(1696, 14, 48),
(1697, 15, 48),
(1698, 16, 48),
(1699, 17, 48),
(1700, 18, 48),
(1701, 19, 48),
(1702, 20, 48),
(1703, 21, 48),
(1704, 22, 48),
(1705, 23, 48),
(1706, 24, 48),
(1707, 25, 48),
(1708, 26, 48),
(1709, 27, 48),
(1710, 28, 48),
(1711, 29, 48),
(1712, 30, 48),
(1713, 31, 48),
(1714, 32, 48),
(1715, 34, 48),
(1716, 35, 48),
(1717, 36, 48),
(1718, 37, 48),
(1719, 38, 48),
(1720, 11, 48),
(1721, 39, 48),
(1722, 40, 48),
(1723, 41, 48),
(1724, 42, 48),
(1725, 5, 48),
(1726, 33, 48),
(1727, 1, 49),
(1728, 2, 49),
(1729, 3, 49),
(1730, 4, 49),
(1731, 6, 49),
(1732, 7, 49),
(1733, 8, 49),
(1734, 9, 49),
(1735, 10, 49),
(1736, 12, 49),
(1737, 13, 49),
(1738, 14, 49),
(1739, 15, 49),
(1740, 16, 49),
(1741, 17, 49),
(1742, 18, 49),
(1743, 19, 49),
(1744, 20, 49),
(1745, 21, 49),
(1746, 22, 49),
(1747, 23, 49),
(1748, 24, 49),
(1749, 25, 49),
(1750, 26, 49),
(1751, 27, 49),
(1752, 28, 49),
(1753, 29, 49),
(1754, 30, 49),
(1755, 31, 49),
(1756, 32, 49),
(1757, 34, 49),
(1758, 35, 49),
(1759, 36, 49),
(1760, 37, 49),
(1761, 38, 49),
(1762, 11, 49),
(1763, 39, 49),
(1764, 40, 49),
(1765, 41, 49),
(1766, 42, 49),
(1767, 5, 49),
(1768, 33, 49),
(1769, 1, 50),
(1770, 2, 50),
(1771, 3, 50),
(1772, 4, 50),
(1773, 6, 50),
(1774, 7, 50),
(1775, 8, 50),
(1776, 9, 50),
(1777, 10, 50),
(1778, 12, 50),
(1779, 13, 50),
(1780, 14, 50),
(1781, 15, 50),
(1782, 16, 50),
(1783, 17, 50),
(1784, 18, 50),
(1785, 19, 50),
(1786, 20, 50),
(1787, 21, 50),
(1788, 22, 50),
(1789, 23, 50),
(1790, 24, 50),
(1791, 25, 50),
(1792, 26, 50),
(1793, 27, 50),
(1794, 28, 50),
(1795, 29, 50),
(1796, 30, 50),
(1797, 31, 50),
(1798, 32, 50),
(1799, 34, 50),
(1800, 35, 50),
(1801, 36, 50),
(1802, 37, 50),
(1803, 38, 50),
(1804, 11, 50),
(1805, 39, 50),
(1806, 40, 50),
(1807, 41, 50),
(1808, 42, 50),
(1809, 5, 50),
(1810, 33, 50),
(1811, 1, 51),
(1812, 2, 51),
(1813, 3, 51),
(1814, 4, 51),
(1815, 6, 51),
(1816, 7, 51),
(1817, 8, 51),
(1818, 9, 51),
(1819, 10, 51),
(1820, 12, 51),
(1821, 13, 51),
(1822, 14, 51),
(1823, 15, 51),
(1824, 16, 51),
(1825, 17, 51),
(1826, 18, 51),
(1827, 19, 51),
(1828, 20, 51),
(1829, 21, 51),
(1830, 22, 51),
(1831, 23, 51),
(1832, 24, 51),
(1833, 25, 51),
(1834, 26, 51),
(1835, 27, 51),
(1836, 28, 51),
(1837, 29, 51),
(1838, 30, 51),
(1839, 31, 51),
(1840, 32, 51),
(1841, 34, 51),
(1842, 35, 51),
(1843, 36, 51),
(1844, 37, 51),
(1845, 38, 51),
(1846, 11, 51),
(1847, 39, 51),
(1848, 40, 51),
(1849, 41, 51),
(1850, 42, 51),
(1851, 5, 51),
(1852, 33, 51),
(1853, 1, 52),
(1854, 2, 52),
(1855, 3, 52),
(1856, 4, 52),
(1857, 6, 52),
(1858, 7, 52),
(1859, 8, 52),
(1860, 9, 52),
(1861, 10, 52),
(1862, 12, 52),
(1863, 13, 52),
(1864, 14, 52),
(1865, 15, 52),
(1866, 16, 52),
(1867, 17, 52),
(1868, 18, 52),
(1869, 19, 52),
(1870, 20, 52),
(1871, 21, 52),
(1872, 22, 52),
(1873, 23, 52),
(1874, 24, 52),
(1875, 25, 52),
(1876, 26, 52),
(1877, 27, 52),
(1878, 28, 52),
(1879, 29, 52),
(1880, 30, 52),
(1881, 31, 52),
(1882, 32, 52),
(1883, 34, 52),
(1884, 35, 52),
(1885, 36, 52),
(1886, 37, 52),
(1887, 38, 52),
(1888, 11, 52),
(1889, 39, 52),
(1890, 40, 52),
(1891, 41, 52),
(1892, 42, 52),
(1893, 5, 52),
(1894, 33, 52),
(1895, 1, 53),
(1896, 2, 53),
(1897, 3, 53),
(1898, 4, 53),
(1899, 6, 53),
(1900, 7, 53),
(1901, 8, 53),
(1902, 9, 53),
(1903, 10, 53),
(1904, 12, 53),
(1905, 13, 53),
(1906, 14, 53),
(1907, 15, 53),
(1908, 16, 53),
(1909, 17, 53),
(1910, 18, 53),
(1911, 19, 53),
(1912, 20, 53),
(1913, 21, 53),
(1914, 22, 53),
(1915, 23, 53),
(1916, 24, 53),
(1917, 25, 53),
(1918, 26, 53),
(1919, 27, 53),
(1920, 28, 53),
(1921, 29, 53),
(1922, 30, 53),
(1923, 31, 53),
(1924, 32, 53),
(1925, 34, 53),
(1926, 35, 53),
(1927, 36, 53),
(1928, 37, 53),
(1929, 38, 53),
(1930, 11, 53),
(1931, 39, 53),
(1932, 40, 53),
(1933, 41, 53),
(1934, 42, 53),
(1935, 5, 53),
(1936, 33, 53),
(1937, 1, 54),
(1938, 2, 54),
(1939, 3, 54),
(1940, 4, 54),
(1941, 6, 54),
(1942, 7, 54),
(1943, 8, 54),
(1944, 9, 54),
(1945, 10, 54),
(1946, 12, 54),
(1947, 13, 54),
(1948, 14, 54),
(1949, 15, 54),
(1950, 16, 54),
(1951, 17, 54),
(1952, 18, 54),
(1953, 19, 54),
(1954, 20, 54),
(1955, 21, 54),
(1956, 22, 54),
(1957, 23, 54),
(1958, 24, 54),
(1959, 25, 54),
(1960, 26, 54),
(1961, 27, 54),
(1962, 28, 54),
(1963, 29, 54),
(1964, 30, 54),
(1965, 31, 54),
(1966, 32, 54),
(1967, 34, 54),
(1968, 35, 54),
(1969, 36, 54),
(1970, 37, 54),
(1971, 38, 54),
(1972, 11, 54),
(1973, 39, 54),
(1974, 40, 54),
(1975, 41, 54),
(1976, 42, 54),
(1977, 5, 54),
(1978, 33, 54),
(1979, 1, 55),
(1980, 2, 55),
(1981, 3, 55),
(1982, 4, 55),
(1983, 6, 55),
(1984, 7, 55),
(1985, 8, 55),
(1986, 9, 55),
(1987, 10, 55),
(1988, 12, 55),
(1989, 13, 55),
(1990, 14, 55),
(1991, 15, 55),
(1992, 16, 55),
(1993, 17, 55),
(1994, 18, 55),
(1995, 19, 55),
(1996, 20, 55),
(1997, 21, 55),
(1998, 22, 55),
(1999, 23, 55),
(2000, 24, 55),
(2001, 25, 55),
(2002, 26, 55),
(2003, 27, 55),
(2004, 28, 55),
(2005, 29, 55),
(2006, 30, 55),
(2007, 31, 55),
(2008, 32, 55),
(2009, 34, 55),
(2010, 35, 55),
(2011, 36, 55),
(2012, 37, 55),
(2013, 38, 55),
(2014, 11, 55),
(2015, 39, 55),
(2016, 40, 55),
(2017, 41, 55),
(2018, 42, 55),
(2019, 5, 55),
(2020, 33, 55),
(2021, 1, 56),
(2022, 2, 56),
(2023, 3, 56),
(2024, 4, 56),
(2025, 6, 56),
(2026, 7, 56),
(2027, 8, 56),
(2028, 9, 56),
(2029, 10, 56),
(2030, 12, 56),
(2031, 13, 56),
(2032, 14, 56),
(2033, 15, 56),
(2034, 16, 56),
(2035, 17, 56),
(2036, 18, 56),
(2037, 19, 56),
(2038, 20, 56),
(2039, 21, 56),
(2040, 22, 56),
(2041, 23, 56),
(2042, 24, 56),
(2043, 25, 56),
(2044, 26, 56),
(2045, 27, 56),
(2046, 28, 56),
(2047, 29, 56),
(2048, 30, 56),
(2049, 31, 56),
(2050, 32, 56),
(2051, 34, 56),
(2052, 35, 56),
(2053, 36, 56),
(2054, 37, 56),
(2055, 38, 56),
(2056, 11, 56),
(2057, 39, 56),
(2058, 40, 56),
(2059, 41, 56),
(2060, 42, 56),
(2061, 5, 56),
(2062, 33, 56),
(2063, 1, 57),
(2064, 2, 57),
(2065, 3, 57),
(2066, 4, 57),
(2067, 6, 57),
(2068, 7, 57),
(2069, 8, 57),
(2070, 9, 57),
(2071, 10, 57),
(2072, 12, 57),
(2073, 13, 57),
(2074, 14, 57),
(2075, 15, 57),
(2076, 16, 57),
(2077, 17, 57),
(2078, 18, 57),
(2079, 19, 57),
(2080, 20, 57),
(2081, 21, 57),
(2082, 22, 57),
(2083, 23, 57),
(2084, 24, 57),
(2085, 25, 57),
(2086, 26, 57),
(2087, 27, 57),
(2088, 28, 57),
(2089, 29, 57),
(2090, 30, 57),
(2091, 31, 57),
(2092, 32, 57),
(2093, 34, 57),
(2094, 35, 57),
(2095, 36, 57),
(2096, 37, 57),
(2097, 38, 57),
(2098, 11, 57),
(2099, 39, 57),
(2100, 40, 57),
(2101, 41, 57),
(2102, 42, 57),
(2103, 5, 57),
(2104, 33, 57),
(2105, 1, 58),
(2106, 2, 58),
(2107, 3, 58),
(2108, 4, 58),
(2109, 6, 58),
(2110, 7, 58),
(2111, 8, 58),
(2112, 9, 58),
(2113, 10, 58),
(2114, 12, 58),
(2115, 13, 58),
(2116, 14, 58),
(2117, 15, 58),
(2118, 16, 58),
(2119, 17, 58),
(2120, 18, 58),
(2121, 19, 58),
(2122, 20, 58),
(2123, 21, 58),
(2124, 22, 58),
(2125, 23, 58),
(2126, 24, 58),
(2127, 25, 58),
(2128, 26, 58),
(2129, 27, 58),
(2130, 28, 58),
(2131, 29, 58),
(2132, 30, 58),
(2133, 31, 58),
(2134, 32, 58),
(2135, 34, 58),
(2136, 35, 58),
(2137, 36, 58),
(2138, 37, 58),
(2139, 38, 58),
(2140, 11, 58),
(2141, 39, 58),
(2142, 40, 58),
(2143, 41, 58),
(2144, 42, 58),
(2145, 5, 58),
(2146, 33, 58),
(2147, 1, 59),
(2148, 2, 59),
(2149, 3, 59),
(2150, 4, 59),
(2151, 6, 59),
(2152, 7, 59),
(2153, 8, 59),
(2154, 9, 59),
(2155, 10, 59),
(2156, 12, 59),
(2157, 13, 59),
(2158, 14, 59),
(2159, 15, 59),
(2160, 16, 59),
(2161, 17, 59),
(2162, 18, 59),
(2163, 19, 59),
(2164, 20, 59),
(2165, 21, 59),
(2166, 22, 59),
(2167, 23, 59),
(2168, 24, 59),
(2169, 25, 59),
(2170, 26, 59),
(2171, 27, 59),
(2172, 28, 59),
(2173, 29, 59),
(2174, 30, 59),
(2175, 31, 59),
(2176, 32, 59),
(2177, 34, 59),
(2178, 35, 59),
(2179, 36, 59),
(2180, 37, 59),
(2181, 38, 59),
(2182, 11, 59),
(2183, 39, 59),
(2184, 40, 59),
(2185, 41, 59),
(2186, 42, 59),
(2187, 5, 59),
(2188, 33, 59),
(2189, 1, 60),
(2190, 2, 60),
(2191, 3, 60),
(2192, 4, 60),
(2193, 6, 60),
(2194, 7, 60),
(2195, 8, 60),
(2196, 9, 60),
(2197, 10, 60),
(2198, 12, 60),
(2199, 13, 60),
(2200, 14, 60),
(2201, 15, 60),
(2202, 16, 60),
(2203, 17, 60),
(2204, 18, 60),
(2205, 19, 60),
(2206, 20, 60),
(2207, 21, 60),
(2208, 22, 60),
(2209, 23, 60),
(2210, 24, 60),
(2211, 25, 60),
(2212, 26, 60),
(2213, 27, 60),
(2214, 28, 60),
(2215, 29, 60),
(2216, 30, 60),
(2217, 31, 60),
(2218, 32, 60),
(2219, 34, 60),
(2220, 35, 60),
(2221, 36, 60),
(2222, 37, 60),
(2223, 38, 60),
(2224, 11, 60),
(2225, 39, 60),
(2226, 40, 60),
(2227, 41, 60),
(2228, 42, 60),
(2229, 5, 60),
(2230, 33, 60),
(2231, 1, 61),
(2232, 2, 61),
(2233, 3, 61),
(2234, 4, 61),
(2235, 6, 61),
(2236, 7, 61),
(2237, 8, 61),
(2238, 9, 61),
(2239, 10, 61),
(2240, 12, 61),
(2241, 13, 61),
(2242, 14, 61),
(2243, 15, 61),
(2244, 16, 61),
(2245, 17, 61),
(2246, 18, 61),
(2247, 19, 61),
(2248, 20, 61),
(2249, 21, 61),
(2250, 22, 61),
(2251, 23, 61),
(2252, 24, 61),
(2253, 25, 61),
(2254, 26, 61),
(2255, 27, 61),
(2256, 28, 61),
(2257, 29, 61),
(2258, 30, 61),
(2259, 31, 61),
(2260, 32, 61),
(2261, 34, 61),
(2262, 35, 61),
(2263, 36, 61),
(2264, 37, 61),
(2265, 38, 61),
(2266, 11, 61),
(2267, 39, 61),
(2268, 40, 61),
(2269, 41, 61),
(2270, 42, 61),
(2271, 5, 61),
(2272, 33, 61),
(2273, 1, 62),
(2274, 2, 62),
(2275, 3, 62),
(2276, 4, 62),
(2277, 6, 62),
(2278, 7, 62),
(2279, 8, 62),
(2280, 9, 62),
(2281, 10, 62),
(2282, 12, 62),
(2283, 13, 62),
(2284, 14, 62),
(2285, 15, 62),
(2286, 16, 62),
(2287, 17, 62),
(2288, 18, 62),
(2289, 19, 62),
(2290, 20, 62),
(2291, 21, 62),
(2292, 22, 62),
(2293, 23, 62),
(2294, 24, 62),
(2295, 25, 62),
(2296, 26, 62),
(2297, 27, 62),
(2298, 28, 62),
(2299, 29, 62),
(2300, 30, 62),
(2301, 31, 62),
(2302, 32, 62),
(2303, 34, 62),
(2304, 35, 62),
(2305, 36, 62),
(2306, 37, 62),
(2307, 38, 62),
(2308, 11, 62),
(2309, 39, 62),
(2310, 40, 62),
(2311, 41, 62),
(2312, 42, 62),
(2313, 5, 62),
(2314, 33, 62),
(2315, 1, 63),
(2316, 2, 63),
(2317, 3, 63),
(2318, 4, 63),
(2319, 6, 63),
(2320, 7, 63),
(2321, 8, 63),
(2322, 9, 63),
(2323, 10, 63),
(2324, 12, 63),
(2325, 13, 63),
(2326, 14, 63),
(2327, 15, 63),
(2328, 16, 63),
(2329, 17, 63),
(2330, 18, 63),
(2331, 19, 63),
(2332, 20, 63),
(2333, 21, 63),
(2334, 22, 63),
(2335, 23, 63),
(2336, 24, 63),
(2337, 25, 63),
(2338, 26, 63),
(2339, 27, 63),
(2340, 28, 63),
(2341, 29, 63),
(2342, 30, 63),
(2343, 31, 63),
(2344, 32, 63),
(2345, 34, 63),
(2346, 35, 63),
(2347, 36, 63),
(2348, 37, 63),
(2349, 38, 63),
(2350, 11, 63),
(2351, 39, 63),
(2352, 40, 63),
(2353, 41, 63),
(2354, 42, 63),
(2355, 5, 63),
(2356, 33, 63),
(2357, 1, 64),
(2358, 2, 64),
(2359, 3, 64),
(2360, 4, 64),
(2361, 6, 64),
(2362, 7, 64),
(2363, 8, 64),
(2364, 9, 64),
(2365, 10, 64),
(2366, 12, 64),
(2367, 13, 64),
(2368, 14, 64),
(2369, 15, 64),
(2370, 16, 64),
(2371, 17, 64),
(2372, 18, 64),
(2373, 19, 64),
(2374, 20, 64),
(2375, 21, 64),
(2376, 22, 64),
(2377, 23, 64),
(2378, 24, 64),
(2379, 25, 64),
(2380, 26, 64),
(2381, 27, 64),
(2382, 28, 64),
(2383, 29, 64),
(2384, 30, 64),
(2385, 31, 64),
(2386, 32, 64),
(2387, 34, 64),
(2388, 35, 64),
(2389, 36, 64),
(2390, 37, 64),
(2391, 38, 64),
(2392, 11, 64),
(2393, 39, 64),
(2394, 40, 64),
(2395, 41, 64),
(2396, 42, 64),
(2397, 5, 64),
(2398, 33, 64),
(2399, 1, 65),
(2400, 2, 65),
(2401, 3, 65),
(2402, 4, 65),
(2403, 6, 65),
(2404, 7, 65),
(2405, 8, 65),
(2406, 9, 65),
(2407, 10, 65),
(2408, 12, 65),
(2409, 13, 65),
(2410, 14, 65),
(2411, 15, 65),
(2412, 16, 65),
(2413, 17, 65),
(2414, 18, 65),
(2415, 19, 65),
(2416, 20, 65),
(2417, 21, 65),
(2418, 22, 65),
(2419, 23, 65),
(2420, 24, 65),
(2421, 25, 65),
(2422, 26, 65),
(2423, 27, 65),
(2424, 28, 65),
(2425, 29, 65),
(2426, 30, 65),
(2427, 31, 65),
(2428, 32, 65),
(2429, 34, 65),
(2430, 35, 65),
(2431, 36, 65),
(2432, 37, 65),
(2433, 38, 65),
(2434, 11, 65),
(2435, 39, 65),
(2436, 40, 65),
(2437, 41, 65),
(2438, 42, 65),
(2439, 5, 65),
(2440, 33, 65),
(2441, 1, 66),
(2442, 2, 66),
(2443, 3, 66),
(2444, 4, 66),
(2445, 6, 66),
(2446, 7, 66),
(2447, 8, 66),
(2448, 9, 66),
(2449, 10, 66),
(2450, 12, 66),
(2451, 13, 66),
(2452, 14, 66),
(2453, 15, 66),
(2454, 16, 66),
(2455, 17, 66),
(2456, 18, 66),
(2457, 19, 66),
(2458, 20, 66),
(2459, 21, 66),
(2460, 22, 66),
(2461, 23, 66),
(2462, 24, 66),
(2463, 25, 66),
(2464, 26, 66),
(2465, 27, 66),
(2466, 28, 66),
(2467, 29, 66),
(2468, 30, 66),
(2469, 31, 66),
(2470, 32, 66),
(2471, 34, 66),
(2472, 35, 66),
(2473, 36, 66),
(2474, 37, 66),
(2475, 38, 66),
(2476, 11, 66),
(2477, 39, 66),
(2478, 40, 66),
(2479, 41, 66),
(2480, 42, 66),
(2481, 5, 66),
(2482, 33, 66),
(2483, 1, 67),
(2484, 2, 67),
(2485, 3, 67),
(2486, 4, 67),
(2487, 6, 67),
(2488, 7, 67),
(2489, 8, 67),
(2490, 9, 67),
(2491, 10, 67),
(2492, 12, 67),
(2493, 13, 67),
(2494, 14, 67),
(2495, 15, 67),
(2496, 16, 67),
(2497, 17, 67),
(2498, 18, 67),
(2499, 19, 67),
(2500, 20, 67),
(2501, 21, 67),
(2502, 22, 67),
(2503, 23, 67),
(2504, 24, 67),
(2505, 25, 67),
(2506, 26, 67),
(2507, 27, 67),
(2508, 28, 67),
(2509, 29, 67),
(2510, 30, 67),
(2511, 31, 67),
(2512, 32, 67),
(2513, 34, 67),
(2514, 35, 67),
(2515, 36, 67),
(2516, 37, 67),
(2517, 38, 67),
(2518, 11, 67),
(2519, 39, 67),
(2520, 40, 67),
(2521, 41, 67),
(2522, 42, 67),
(2523, 5, 67),
(2524, 33, 67),
(2525, 1, 68),
(2526, 2, 68),
(2527, 3, 68),
(2528, 4, 68),
(2529, 6, 68),
(2530, 7, 68),
(2531, 8, 68),
(2532, 9, 68),
(2533, 10, 68),
(2534, 12, 68),
(2535, 13, 68),
(2536, 14, 68),
(2537, 15, 68),
(2538, 16, 68),
(2539, 17, 68),
(2540, 18, 68),
(2541, 19, 68),
(2542, 20, 68),
(2543, 21, 68),
(2544, 22, 68),
(2545, 23, 68),
(2546, 24, 68),
(2547, 25, 68),
(2548, 26, 68),
(2549, 27, 68),
(2550, 28, 68),
(2551, 29, 68),
(2552, 30, 68),
(2553, 31, 68),
(2554, 32, 68),
(2555, 34, 68),
(2556, 35, 68),
(2557, 36, 68),
(2558, 37, 68),
(2559, 38, 68),
(2560, 11, 68),
(2561, 39, 68),
(2562, 40, 68),
(2563, 41, 68),
(2564, 42, 68),
(2565, 5, 68),
(2566, 33, 68),
(2567, 1, 69),
(2568, 2, 69),
(2569, 3, 69),
(2570, 4, 69),
(2571, 6, 69),
(2572, 7, 69),
(2573, 8, 69),
(2574, 9, 69),
(2575, 10, 69),
(2576, 12, 69),
(2577, 13, 69),
(2578, 14, 69),
(2579, 15, 69),
(2580, 16, 69),
(2581, 17, 69),
(2582, 18, 69),
(2583, 19, 69),
(2584, 20, 69),
(2585, 21, 69),
(2586, 22, 69),
(2587, 23, 69),
(2588, 24, 69),
(2589, 25, 69),
(2590, 26, 69),
(2591, 27, 69),
(2592, 28, 69),
(2593, 29, 69),
(2594, 30, 69),
(2595, 31, 69),
(2596, 32, 69),
(2597, 34, 69),
(2598, 35, 69),
(2599, 36, 69),
(2600, 37, 69),
(2601, 38, 69),
(2602, 11, 69),
(2603, 39, 69),
(2604, 40, 69),
(2605, 41, 69),
(2606, 42, 69),
(2607, 5, 69),
(2608, 33, 69),
(2609, 1, 70),
(2610, 2, 70),
(2611, 3, 70),
(2612, 4, 70),
(2613, 6, 70),
(2614, 7, 70),
(2615, 8, 70),
(2616, 9, 70),
(2617, 10, 70),
(2618, 12, 70),
(2619, 13, 70),
(2620, 14, 70),
(2621, 15, 70),
(2622, 16, 70),
(2623, 17, 70),
(2624, 18, 70),
(2625, 19, 70),
(2626, 20, 70),
(2627, 21, 70),
(2628, 22, 70),
(2629, 23, 70),
(2630, 24, 70),
(2631, 25, 70),
(2632, 26, 70),
(2633, 27, 70),
(2634, 28, 70),
(2635, 29, 70),
(2636, 30, 70),
(2637, 31, 70),
(2638, 32, 70),
(2639, 34, 70),
(2640, 35, 70),
(2641, 36, 70),
(2642, 37, 70),
(2643, 38, 70),
(2644, 11, 70),
(2645, 39, 70),
(2646, 40, 70),
(2647, 41, 70),
(2648, 42, 70),
(2649, 5, 70),
(2650, 33, 70),
(2651, 1, 71),
(2652, 2, 71),
(2653, 3, 71),
(2654, 4, 71),
(2655, 6, 71),
(2656, 7, 71),
(2657, 8, 71),
(2658, 9, 71),
(2659, 10, 71),
(2660, 12, 71),
(2661, 13, 71),
(2662, 14, 71),
(2663, 15, 71),
(2664, 16, 71),
(2665, 17, 71),
(2666, 18, 71),
(2667, 19, 71),
(2668, 20, 71),
(2669, 21, 71),
(2670, 22, 71),
(2671, 23, 71),
(2672, 24, 71),
(2673, 25, 71),
(2674, 26, 71),
(2675, 27, 71),
(2676, 28, 71),
(2677, 29, 71),
(2678, 30, 71),
(2679, 31, 71),
(2680, 32, 71),
(2681, 34, 71),
(2682, 35, 71),
(2683, 36, 71),
(2684, 37, 71),
(2685, 38, 71),
(2686, 11, 71),
(2687, 39, 71),
(2688, 40, 71),
(2689, 41, 71),
(2690, 42, 71),
(2691, 5, 71),
(2692, 33, 71),
(2693, 1, 72),
(2694, 2, 72),
(2695, 3, 72),
(2696, 4, 72),
(2697, 6, 72),
(2698, 7, 72),
(2699, 8, 72),
(2700, 9, 72),
(2701, 10, 72),
(2702, 12, 72),
(2703, 13, 72),
(2704, 14, 72),
(2705, 15, 72),
(2706, 16, 72),
(2707, 17, 72),
(2708, 18, 72),
(2709, 19, 72),
(2710, 20, 72),
(2711, 21, 72),
(2712, 22, 72),
(2713, 23, 72),
(2714, 24, 72),
(2715, 25, 72),
(2716, 26, 72),
(2717, 27, 72),
(2718, 28, 72),
(2719, 29, 72),
(2720, 30, 72),
(2721, 31, 72),
(2722, 32, 72),
(2723, 34, 72),
(2724, 35, 72),
(2725, 36, 72),
(2726, 37, 72),
(2727, 38, 72),
(2728, 11, 72),
(2729, 39, 72),
(2730, 40, 72),
(2731, 41, 72),
(2732, 42, 72),
(2733, 5, 72),
(2734, 33, 72),
(2735, 1, 73),
(2736, 2, 73),
(2737, 3, 73),
(2738, 4, 73),
(2739, 6, 73),
(2740, 7, 73),
(2741, 8, 73),
(2742, 9, 73),
(2743, 10, 73),
(2744, 12, 73),
(2745, 13, 73),
(2746, 14, 73),
(2747, 15, 73),
(2748, 16, 73),
(2749, 17, 73),
(2750, 18, 73),
(2751, 19, 73),
(2752, 20, 73),
(2753, 21, 73),
(2754, 22, 73),
(2755, 23, 73),
(2756, 24, 73),
(2757, 25, 73),
(2758, 26, 73),
(2759, 27, 73),
(2760, 28, 73),
(2761, 29, 73),
(2762, 30, 73),
(2763, 31, 73),
(2764, 32, 73),
(2765, 34, 73),
(2766, 35, 73),
(2767, 36, 73),
(2768, 37, 73),
(2769, 38, 73),
(2770, 11, 73),
(2771, 39, 73),
(2772, 40, 73),
(2773, 41, 73),
(2774, 42, 73),
(2775, 5, 73),
(2776, 33, 73),
(2777, 1, 74),
(2778, 2, 74),
(2779, 3, 74),
(2780, 4, 74),
(2781, 6, 74),
(2782, 7, 74),
(2783, 8, 74),
(2784, 9, 74),
(2785, 10, 74),
(2786, 12, 74),
(2787, 13, 74),
(2788, 14, 74),
(2789, 15, 74),
(2790, 16, 74),
(2791, 17, 74),
(2792, 18, 74),
(2793, 19, 74),
(2794, 20, 74),
(2795, 21, 74),
(2796, 22, 74),
(2797, 23, 74),
(2798, 24, 74),
(2799, 25, 74),
(2800, 26, 74),
(2801, 27, 74),
(2802, 28, 74),
(2803, 29, 74),
(2804, 30, 74),
(2805, 31, 74),
(2806, 32, 74),
(2807, 34, 74),
(2808, 35, 74),
(2809, 36, 74),
(2810, 37, 74),
(2811, 38, 74),
(2812, 11, 74),
(2813, 39, 74),
(2814, 40, 74),
(2815, 41, 74),
(2816, 42, 74),
(2817, 5, 74),
(2818, 33, 74),
(2819, 1, 75),
(2820, 2, 75),
(2821, 3, 75),
(2822, 4, 75),
(2823, 6, 75),
(2824, 7, 75),
(2825, 8, 75),
(2826, 9, 75),
(2827, 10, 75),
(2828, 12, 75),
(2829, 13, 75),
(2830, 14, 75),
(2831, 15, 75),
(2832, 16, 75),
(2833, 17, 75),
(2834, 18, 75),
(2835, 19, 75),
(2836, 20, 75),
(2837, 21, 75),
(2838, 22, 75),
(2839, 23, 75),
(2840, 24, 75),
(2841, 25, 75),
(2842, 26, 75),
(2843, 27, 75),
(2844, 28, 75),
(2845, 29, 75),
(2846, 30, 75),
(2847, 31, 75),
(2848, 32, 75),
(2849, 34, 75),
(2850, 35, 75),
(2851, 36, 75),
(2852, 37, 75),
(2853, 38, 75),
(2854, 11, 75),
(2855, 39, 75),
(2856, 40, 75),
(2857, 41, 75),
(2858, 42, 75),
(2859, 5, 75),
(2860, 33, 75),
(2861, 1, 76),
(2862, 2, 76),
(2863, 3, 76),
(2864, 4, 76),
(2865, 6, 76),
(2866, 7, 76),
(2867, 8, 76),
(2868, 9, 76),
(2869, 10, 76),
(2870, 12, 76),
(2871, 13, 76),
(2872, 14, 76),
(2873, 15, 76),
(2874, 16, 76),
(2875, 17, 76),
(2876, 18, 76),
(2877, 19, 76),
(2878, 20, 76),
(2879, 21, 76),
(2880, 22, 76),
(2881, 23, 76),
(2882, 24, 76),
(2883, 25, 76),
(2884, 26, 76),
(2885, 27, 76),
(2886, 28, 76),
(2887, 29, 76),
(2888, 30, 76),
(2889, 31, 76),
(2890, 32, 76),
(2891, 34, 76),
(2892, 35, 76),
(2893, 36, 76),
(2894, 37, 76),
(2895, 38, 76),
(2896, 11, 76),
(2897, 39, 76),
(2898, 40, 76),
(2899, 41, 76),
(2900, 42, 76),
(2901, 5, 76),
(2902, 33, 76),
(2903, 1, 77),
(2904, 2, 77),
(2905, 3, 77),
(2906, 4, 77),
(2907, 6, 77),
(2908, 7, 77),
(2909, 8, 77),
(2910, 9, 77),
(2911, 10, 77),
(2912, 12, 77),
(2913, 13, 77),
(2914, 14, 77),
(2915, 15, 77),
(2916, 16, 77),
(2917, 17, 77),
(2918, 18, 77),
(2919, 19, 77),
(2920, 20, 77),
(2921, 21, 77),
(2922, 22, 77),
(2923, 23, 77),
(2924, 24, 77),
(2925, 25, 77),
(2926, 26, 77),
(2927, 27, 77),
(2928, 28, 77),
(2929, 29, 77),
(2930, 30, 77),
(2931, 31, 77),
(2932, 32, 77),
(2933, 34, 77),
(2934, 35, 77),
(2935, 36, 77),
(2936, 37, 77),
(2937, 38, 77),
(2938, 11, 77),
(2939, 39, 77),
(2940, 40, 77),
(2941, 41, 77),
(2942, 42, 77),
(2943, 5, 77),
(2944, 33, 77),
(2945, 1, 78),
(2946, 2, 78),
(2947, 3, 78),
(2948, 4, 78),
(2949, 6, 78),
(2950, 7, 78),
(2951, 8, 78),
(2952, 9, 78),
(2953, 10, 78),
(2954, 12, 78),
(2955, 13, 78),
(2956, 14, 78),
(2957, 15, 78),
(2958, 16, 78),
(2959, 17, 78),
(2960, 18, 78),
(2961, 19, 78),
(2962, 20, 78),
(2963, 21, 78),
(2964, 22, 78),
(2965, 23, 78),
(2966, 24, 78),
(2967, 25, 78),
(2968, 26, 78),
(2969, 27, 78),
(2970, 28, 78),
(2971, 29, 78),
(2972, 30, 78),
(2973, 31, 78),
(2974, 32, 78),
(2975, 34, 78),
(2976, 35, 78),
(2977, 36, 78),
(2978, 37, 78),
(2979, 38, 78),
(2980, 11, 78),
(2981, 39, 78),
(2982, 40, 78),
(2983, 41, 78),
(2984, 42, 78),
(2985, 5, 78),
(2986, 33, 78),
(2987, 1, 79),
(2988, 2, 79),
(2989, 3, 79),
(2990, 4, 79),
(2991, 6, 79),
(2992, 7, 79),
(2993, 8, 79),
(2994, 9, 79),
(2995, 10, 79),
(2996, 12, 79),
(2997, 13, 79),
(2998, 14, 79),
(2999, 15, 79),
(3000, 16, 79),
(3001, 17, 79),
(3002, 18, 79),
(3003, 19, 79),
(3004, 20, 79),
(3005, 21, 79),
(3006, 22, 79),
(3007, 23, 79),
(3008, 24, 79),
(3009, 25, 79),
(3010, 26, 79),
(3011, 27, 79),
(3012, 28, 79),
(3013, 29, 79),
(3014, 30, 79),
(3015, 31, 79),
(3016, 32, 79),
(3017, 34, 79),
(3018, 35, 79),
(3019, 36, 79),
(3020, 37, 79),
(3021, 38, 79),
(3022, 11, 79),
(3023, 39, 79),
(3024, 40, 79),
(3025, 41, 79),
(3026, 42, 79),
(3027, 5, 79),
(3028, 33, 79),
(3029, 1, 80),
(3030, 2, 80),
(3031, 3, 80),
(3032, 4, 80),
(3033, 6, 80),
(3034, 7, 80),
(3035, 8, 80),
(3036, 9, 80),
(3037, 10, 80),
(3038, 12, 80),
(3039, 13, 80),
(3040, 14, 80),
(3041, 15, 80),
(3042, 16, 80),
(3043, 17, 80),
(3044, 18, 80),
(3045, 19, 80),
(3046, 20, 80),
(3047, 21, 80),
(3048, 22, 80),
(3049, 23, 80),
(3050, 24, 80),
(3051, 25, 80),
(3052, 26, 80),
(3053, 27, 80),
(3054, 28, 80),
(3055, 29, 80),
(3056, 30, 80),
(3057, 31, 80),
(3058, 32, 80),
(3059, 34, 80),
(3060, 35, 80),
(3061, 36, 80),
(3062, 37, 80),
(3063, 38, 80),
(3064, 11, 80),
(3065, 39, 80),
(3066, 40, 80),
(3067, 41, 80),
(3068, 42, 80),
(3069, 5, 80),
(3070, 33, 80),
(3071, 1, 81),
(3072, 2, 81),
(3073, 3, 81),
(3074, 4, 81),
(3075, 6, 81),
(3076, 7, 81),
(3077, 8, 81),
(3078, 9, 81),
(3079, 10, 81),
(3080, 12, 81),
(3081, 13, 81),
(3082, 14, 81),
(3083, 15, 81),
(3084, 16, 81),
(3085, 17, 81),
(3086, 18, 81),
(3087, 19, 81),
(3088, 20, 81),
(3089, 21, 81),
(3090, 22, 81),
(3091, 23, 81),
(3092, 24, 81),
(3093, 25, 81),
(3094, 26, 81),
(3095, 27, 81),
(3096, 28, 81),
(3097, 29, 81),
(3098, 30, 81),
(3099, 31, 81),
(3100, 32, 81),
(3101, 34, 81),
(3102, 35, 81),
(3103, 36, 81),
(3104, 37, 81),
(3105, 38, 81),
(3106, 11, 81),
(3107, 39, 81),
(3108, 40, 81),
(3109, 41, 81),
(3110, 42, 81),
(3111, 5, 81),
(3112, 33, 81),
(3113, 1, 82),
(3114, 2, 82),
(3115, 3, 82),
(3116, 4, 82),
(3117, 6, 82),
(3118, 7, 82),
(3119, 8, 82),
(3120, 9, 82),
(3121, 10, 82),
(3122, 12, 82),
(3123, 13, 82),
(3124, 14, 82),
(3125, 15, 82),
(3126, 16, 82),
(3127, 17, 82),
(3128, 18, 82),
(3129, 19, 82),
(3130, 20, 82),
(3131, 21, 82),
(3132, 22, 82),
(3133, 23, 82),
(3134, 24, 82),
(3135, 25, 82),
(3136, 26, 82),
(3137, 27, 82),
(3138, 28, 82),
(3139, 29, 82),
(3140, 30, 82),
(3141, 31, 82),
(3142, 32, 82),
(3143, 34, 82),
(3144, 35, 82),
(3145, 36, 82),
(3146, 37, 82),
(3147, 38, 82),
(3148, 11, 82),
(3149, 39, 82),
(3150, 40, 82),
(3151, 41, 82),
(3152, 42, 82),
(3153, 5, 82),
(3154, 33, 82),
(3155, 1, 83),
(3156, 2, 83),
(3157, 3, 83),
(3158, 4, 83),
(3159, 6, 83),
(3160, 7, 83),
(3161, 8, 83),
(3162, 9, 83),
(3163, 10, 83),
(3164, 12, 83),
(3165, 13, 83),
(3166, 14, 83),
(3167, 15, 83),
(3168, 16, 83),
(3169, 17, 83),
(3170, 18, 83),
(3171, 19, 83),
(3172, 20, 83),
(3173, 21, 83),
(3174, 22, 83),
(3175, 23, 83),
(3176, 24, 83),
(3177, 25, 83),
(3178, 26, 83),
(3179, 27, 83),
(3180, 28, 83),
(3181, 29, 83),
(3182, 30, 83),
(3183, 31, 83),
(3184, 32, 83),
(3185, 34, 83),
(3186, 35, 83),
(3187, 36, 83),
(3188, 37, 83),
(3189, 38, 83),
(3190, 11, 83),
(3191, 39, 83),
(3192, 40, 83),
(3193, 41, 83),
(3194, 42, 83),
(3195, 5, 83),
(3196, 33, 83),
(3197, 1, 84),
(3198, 2, 84),
(3199, 3, 84),
(3200, 4, 84),
(3201, 6, 84),
(3202, 7, 84),
(3203, 8, 84),
(3204, 9, 84),
(3205, 10, 84),
(3206, 12, 84),
(3207, 13, 84),
(3208, 14, 84),
(3209, 15, 84),
(3210, 16, 84),
(3211, 17, 84),
(3212, 18, 84),
(3213, 19, 84),
(3214, 20, 84),
(3215, 21, 84),
(3216, 22, 84),
(3217, 23, 84),
(3218, 24, 84),
(3219, 25, 84),
(3220, 26, 84),
(3221, 27, 84),
(3222, 28, 84),
(3223, 29, 84),
(3224, 30, 84),
(3225, 31, 84),
(3226, 32, 84),
(3227, 34, 84),
(3228, 35, 84),
(3229, 36, 84),
(3230, 37, 84),
(3231, 38, 84),
(3232, 11, 84),
(3233, 39, 84),
(3234, 40, 84),
(3235, 41, 84),
(3236, 42, 84),
(3237, 5, 84),
(3238, 33, 84),
(3239, 1, 85),
(3240, 2, 85),
(3241, 3, 85),
(3242, 4, 85),
(3243, 6, 85),
(3244, 7, 85),
(3245, 8, 85),
(3246, 9, 85),
(3247, 10, 85),
(3248, 12, 85),
(3249, 13, 85),
(3250, 14, 85),
(3251, 15, 85),
(3252, 16, 85),
(3253, 17, 85),
(3254, 18, 85),
(3255, 19, 85),
(3256, 20, 85),
(3257, 21, 85),
(3258, 22, 85),
(3259, 23, 85),
(3260, 24, 85),
(3261, 25, 85),
(3262, 26, 85),
(3263, 27, 85),
(3264, 28, 85),
(3265, 29, 85),
(3266, 30, 85),
(3267, 31, 85),
(3268, 32, 85),
(3269, 34, 85),
(3270, 35, 85),
(3271, 36, 85),
(3272, 37, 85),
(3273, 38, 85),
(3274, 11, 85),
(3275, 39, 85),
(3276, 40, 85),
(3277, 41, 85),
(3278, 42, 85),
(3279, 5, 85),
(3280, 33, 85),
(3281, 1, 86),
(3282, 2, 86),
(3283, 3, 86),
(3284, 4, 86),
(3285, 6, 86),
(3286, 7, 86),
(3287, 8, 86),
(3288, 9, 86),
(3289, 10, 86),
(3290, 12, 86),
(3291, 13, 86),
(3292, 14, 86),
(3293, 15, 86),
(3294, 16, 86),
(3295, 17, 86),
(3296, 18, 86),
(3297, 19, 86),
(3298, 20, 86),
(3299, 21, 86),
(3300, 22, 86),
(3301, 23, 86),
(3302, 24, 86),
(3303, 25, 86),
(3304, 26, 86),
(3305, 27, 86),
(3306, 28, 86),
(3307, 29, 86),
(3308, 30, 86),
(3309, 31, 86),
(3310, 32, 86),
(3311, 34, 86),
(3312, 35, 86),
(3313, 36, 86),
(3314, 37, 86),
(3315, 38, 86),
(3316, 11, 86),
(3317, 39, 86),
(3318, 40, 86),
(3319, 41, 86),
(3320, 42, 86),
(3321, 5, 86),
(3322, 33, 86),
(3323, 1, 87),
(3324, 2, 87),
(3325, 3, 87),
(3326, 4, 87),
(3327, 6, 87),
(3328, 7, 87),
(3329, 8, 87),
(3330, 9, 87),
(3331, 10, 87),
(3332, 12, 87),
(3333, 13, 87),
(3334, 14, 87),
(3335, 15, 87),
(3336, 16, 87),
(3337, 17, 87),
(3338, 18, 87),
(3339, 19, 87),
(3340, 20, 87),
(3341, 21, 87),
(3342, 22, 87),
(3343, 23, 87),
(3344, 24, 87),
(3345, 25, 87),
(3346, 26, 87),
(3347, 27, 87),
(3348, 28, 87),
(3349, 29, 87),
(3350, 30, 87),
(3351, 31, 87),
(3352, 32, 87),
(3353, 34, 87),
(3354, 35, 87),
(3355, 36, 87),
(3356, 37, 87),
(3357, 38, 87),
(3358, 11, 87),
(3359, 39, 87),
(3360, 40, 87),
(3361, 41, 87),
(3362, 42, 87),
(3363, 5, 87),
(3364, 33, 87),
(3365, 1, 88),
(3366, 2, 88),
(3367, 3, 88),
(3368, 4, 88),
(3369, 6, 88),
(3370, 7, 88),
(3371, 8, 88),
(3372, 9, 88),
(3373, 10, 88),
(3374, 12, 88),
(3375, 13, 88),
(3376, 14, 88),
(3377, 15, 88),
(3378, 16, 88),
(3379, 17, 88),
(3380, 18, 88),
(3381, 19, 88),
(3382, 20, 88),
(3383, 21, 88),
(3384, 22, 88),
(3385, 23, 88),
(3386, 24, 88),
(3387, 25, 88),
(3388, 26, 88),
(3389, 27, 88),
(3390, 28, 88),
(3391, 29, 88),
(3392, 30, 88),
(3393, 31, 88),
(3394, 32, 88),
(3395, 34, 88),
(3396, 35, 88),
(3397, 36, 88),
(3398, 37, 88),
(3399, 38, 88),
(3400, 11, 88),
(3401, 39, 88),
(3402, 40, 88),
(3403, 41, 88),
(3404, 42, 88),
(3405, 5, 88),
(3406, 33, 88),
(3407, 1, 89),
(3408, 2, 89),
(3409, 3, 89),
(3410, 4, 89),
(3411, 6, 89),
(3412, 7, 89),
(3413, 8, 89),
(3414, 9, 89),
(3415, 10, 89),
(3416, 12, 89),
(3417, 13, 89),
(3418, 14, 89),
(3419, 15, 89),
(3420, 16, 89),
(3421, 17, 89),
(3422, 18, 89),
(3423, 19, 89),
(3424, 20, 89),
(3425, 21, 89),
(3426, 22, 89),
(3427, 23, 89),
(3428, 24, 89),
(3429, 25, 89),
(3430, 26, 89),
(3431, 27, 89),
(3432, 28, 89),
(3433, 29, 89),
(3434, 30, 89),
(3435, 31, 89),
(3436, 32, 89),
(3437, 34, 89),
(3438, 35, 89),
(3439, 36, 89),
(3440, 37, 89),
(3441, 38, 89),
(3442, 11, 89),
(3443, 39, 89),
(3444, 40, 89),
(3445, 41, 89),
(3446, 42, 89),
(3447, 5, 89),
(3448, 33, 89),
(3449, 1, 90),
(3450, 2, 90),
(3451, 3, 90),
(3452, 4, 90),
(3453, 6, 90),
(3454, 7, 90),
(3455, 8, 90),
(3456, 9, 90),
(3457, 10, 90),
(3458, 12, 90),
(3459, 13, 90),
(3460, 14, 90),
(3461, 15, 90),
(3462, 16, 90),
(3463, 17, 90),
(3464, 18, 90),
(3465, 19, 90),
(3466, 20, 90),
(3467, 21, 90),
(3468, 22, 90),
(3469, 23, 90),
(3470, 24, 90),
(3471, 25, 90),
(3472, 26, 90),
(3473, 27, 90),
(3474, 28, 90),
(3475, 29, 90),
(3476, 30, 90),
(3477, 31, 90),
(3478, 32, 90),
(3479, 34, 90),
(3480, 35, 90),
(3481, 36, 90),
(3482, 37, 90),
(3483, 38, 90),
(3484, 11, 90),
(3485, 39, 90),
(3486, 40, 90),
(3487, 41, 90),
(3488, 42, 90),
(3489, 5, 90),
(3490, 33, 90),
(3491, 1, 91),
(3492, 2, 91),
(3493, 3, 91),
(3494, 4, 91),
(3495, 6, 91),
(3496, 7, 91),
(3497, 8, 91),
(3498, 9, 91),
(3499, 10, 91),
(3500, 12, 91),
(3501, 13, 91),
(3502, 14, 91),
(3503, 15, 91),
(3504, 16, 91),
(3505, 17, 91),
(3506, 18, 91),
(3507, 19, 91),
(3508, 20, 91),
(3509, 21, 91),
(3510, 22, 91),
(3511, 23, 91),
(3512, 24, 91),
(3513, 25, 91),
(3514, 26, 91),
(3515, 27, 91),
(3516, 28, 91),
(3517, 29, 91),
(3518, 30, 91),
(3519, 31, 91),
(3520, 32, 91),
(3521, 34, 91),
(3522, 35, 91),
(3523, 36, 91),
(3524, 37, 91),
(3525, 38, 91),
(3526, 11, 91),
(3527, 39, 91),
(3528, 40, 91),
(3529, 41, 91),
(3530, 42, 91),
(3531, 5, 91),
(3532, 33, 91),
(3533, 1, 92),
(3534, 2, 92),
(3535, 3, 92),
(3536, 4, 92),
(3537, 6, 92),
(3538, 7, 92),
(3539, 8, 92),
(3540, 9, 92),
(3541, 10, 92),
(3542, 12, 92),
(3543, 13, 92),
(3544, 14, 92),
(3545, 15, 92),
(3546, 16, 92),
(3547, 17, 92),
(3548, 18, 92),
(3549, 19, 92),
(3550, 20, 92),
(3551, 21, 92),
(3552, 22, 92),
(3553, 23, 92),
(3554, 24, 92),
(3555, 25, 92),
(3556, 26, 92),
(3557, 27, 92),
(3558, 28, 92),
(3559, 29, 92),
(3560, 30, 92),
(3561, 31, 92),
(3562, 32, 92),
(3563, 34, 92),
(3564, 35, 92),
(3565, 36, 92),
(3566, 37, 92),
(3567, 38, 92),
(3568, 11, 92),
(3569, 39, 92),
(3570, 40, 92),
(3571, 41, 92),
(3572, 42, 92),
(3573, 5, 92),
(3574, 33, 92),
(3575, 1, 93),
(3576, 2, 93),
(3577, 3, 93),
(3578, 4, 93),
(3579, 6, 93),
(3580, 7, 93),
(3581, 8, 93),
(3582, 9, 93),
(3583, 10, 93),
(3584, 12, 93),
(3585, 13, 93),
(3586, 14, 93),
(3587, 15, 93),
(3588, 16, 93),
(3589, 17, 93),
(3590, 18, 93),
(3591, 19, 93),
(3592, 20, 93),
(3593, 21, 93),
(3594, 22, 93),
(3595, 23, 93),
(3596, 24, 93),
(3597, 25, 93),
(3598, 26, 93),
(3599, 27, 93),
(3600, 28, 93),
(3601, 29, 93),
(3602, 30, 93),
(3603, 31, 93),
(3604, 32, 93),
(3605, 34, 93),
(3606, 35, 93),
(3607, 36, 93),
(3608, 37, 93),
(3609, 38, 93),
(3610, 11, 93),
(3611, 39, 93),
(3612, 40, 93),
(3613, 41, 93),
(3614, 42, 93),
(3615, 5, 93),
(3616, 33, 93),
(3617, 1, 94),
(3618, 2, 94),
(3619, 3, 94),
(3620, 4, 94),
(3621, 6, 94),
(3622, 7, 94),
(3623, 8, 94),
(3624, 9, 94),
(3625, 10, 94),
(3626, 12, 94),
(3627, 13, 94),
(3628, 14, 94),
(3629, 15, 94),
(3630, 16, 94),
(3631, 17, 94),
(3632, 18, 94),
(3633, 19, 94),
(3634, 20, 94),
(3635, 21, 94),
(3636, 22, 94),
(3637, 23, 94),
(3638, 24, 94),
(3639, 25, 94),
(3640, 26, 94),
(3641, 27, 94),
(3642, 28, 94),
(3643, 29, 94),
(3644, 30, 94),
(3645, 31, 94),
(3646, 32, 94),
(3647, 34, 94),
(3648, 35, 94),
(3649, 36, 94),
(3650, 37, 94),
(3651, 38, 94),
(3652, 11, 94),
(3653, 39, 94),
(3654, 40, 94),
(3655, 41, 94),
(3656, 42, 94),
(3657, 5, 94),
(3658, 33, 94),
(3659, 1, 95),
(3660, 2, 95),
(3661, 3, 95),
(3662, 4, 95),
(3663, 6, 95),
(3664, 7, 95),
(3665, 8, 95),
(3666, 9, 95),
(3667, 10, 95),
(3668, 12, 95),
(3669, 13, 95),
(3670, 14, 95),
(3671, 15, 95),
(3672, 16, 95),
(3673, 17, 95),
(3674, 18, 95),
(3675, 19, 95),
(3676, 20, 95),
(3677, 21, 95),
(3678, 22, 95),
(3679, 23, 95),
(3680, 24, 95),
(3681, 25, 95),
(3682, 26, 95),
(3683, 27, 95),
(3684, 28, 95),
(3685, 29, 95),
(3686, 30, 95),
(3687, 31, 95),
(3688, 32, 95),
(3689, 34, 95),
(3690, 35, 95),
(3691, 36, 95),
(3692, 37, 95),
(3693, 38, 95),
(3694, 11, 95),
(3695, 39, 95),
(3696, 40, 95),
(3697, 41, 95),
(3698, 42, 95),
(3699, 5, 95),
(3700, 33, 95),
(3701, 1, 96),
(3702, 2, 96),
(3703, 3, 96),
(3704, 4, 96),
(3705, 6, 96),
(3706, 7, 96),
(3707, 8, 96),
(3708, 9, 96),
(3709, 10, 96),
(3710, 12, 96),
(3711, 13, 96),
(3712, 14, 96),
(3713, 15, 96),
(3714, 16, 96),
(3715, 17, 96),
(3716, 18, 96),
(3717, 19, 96),
(3718, 20, 96),
(3719, 21, 96),
(3720, 22, 96),
(3721, 23, 96),
(3722, 24, 96),
(3723, 25, 96),
(3724, 26, 96),
(3725, 27, 96),
(3726, 28, 96),
(3727, 29, 96),
(3728, 30, 96),
(3729, 31, 96),
(3730, 32, 96),
(3731, 34, 96),
(3732, 35, 96),
(3733, 36, 96),
(3734, 37, 96),
(3735, 38, 96),
(3736, 11, 96),
(3737, 39, 96),
(3738, 40, 96),
(3739, 41, 96),
(3740, 42, 96),
(3741, 5, 96),
(3742, 33, 96),
(3743, 1, 97),
(3744, 2, 97),
(3745, 3, 97),
(3746, 4, 97),
(3747, 6, 97),
(3748, 7, 97),
(3749, 8, 97),
(3750, 9, 97);
INSERT INTO `city_price_relationships` (`id`, `city_id`, `price_id`) VALUES
(3751, 10, 97),
(3752, 12, 97),
(3753, 13, 97),
(3754, 14, 97),
(3755, 15, 97),
(3756, 16, 97),
(3757, 17, 97),
(3758, 18, 97),
(3759, 19, 97),
(3760, 20, 97),
(3761, 21, 97),
(3762, 22, 97),
(3763, 23, 97),
(3764, 24, 97),
(3765, 25, 97),
(3766, 26, 97),
(3767, 27, 97),
(3768, 28, 97),
(3769, 29, 97),
(3770, 30, 97),
(3771, 31, 97),
(3772, 32, 97),
(3773, 34, 97),
(3774, 35, 97),
(3775, 36, 97),
(3776, 37, 97),
(3777, 38, 97),
(3778, 11, 97),
(3779, 39, 97),
(3780, 40, 97),
(3781, 41, 97),
(3782, 42, 97),
(3783, 5, 97),
(3784, 33, 97),
(3785, 1, 98),
(3786, 2, 98),
(3787, 3, 98),
(3788, 4, 98),
(3789, 6, 98),
(3790, 7, 98),
(3791, 8, 98),
(3792, 9, 98),
(3793, 10, 98),
(3794, 12, 98),
(3795, 13, 98),
(3796, 14, 98),
(3797, 15, 98),
(3798, 16, 98),
(3799, 17, 98),
(3800, 18, 98),
(3801, 19, 98),
(3802, 20, 98),
(3803, 21, 98),
(3804, 22, 98),
(3805, 23, 98),
(3806, 24, 98),
(3807, 25, 98),
(3808, 26, 98),
(3809, 27, 98),
(3810, 28, 98),
(3811, 29, 98),
(3812, 30, 98),
(3813, 31, 98),
(3814, 32, 98),
(3815, 34, 98),
(3816, 35, 98),
(3817, 36, 98),
(3818, 37, 98),
(3819, 38, 98),
(3820, 11, 98),
(3821, 39, 98),
(3822, 40, 98),
(3823, 41, 98),
(3824, 42, 98),
(3825, 5, 98),
(3826, 33, 98),
(3827, 1, 99),
(3828, 2, 99),
(3829, 3, 99),
(3830, 4, 99),
(3831, 6, 99),
(3832, 7, 99),
(3833, 8, 99),
(3834, 9, 99),
(3835, 10, 99),
(3836, 12, 99),
(3837, 13, 99),
(3838, 14, 99),
(3839, 15, 99),
(3840, 16, 99),
(3841, 17, 99),
(3842, 18, 99),
(3843, 19, 99),
(3844, 20, 99),
(3845, 21, 99),
(3846, 22, 99),
(3847, 23, 99),
(3848, 24, 99),
(3849, 25, 99),
(3850, 26, 99),
(3851, 27, 99),
(3852, 28, 99),
(3853, 29, 99),
(3854, 30, 99),
(3855, 31, 99),
(3856, 32, 99),
(3857, 34, 99),
(3858, 35, 99),
(3859, 36, 99),
(3860, 37, 99),
(3861, 38, 99),
(3862, 11, 99),
(3863, 39, 99),
(3864, 40, 99),
(3865, 41, 99),
(3866, 42, 99),
(3867, 5, 99),
(3868, 33, 99),
(3869, 1, 100),
(3870, 2, 100),
(3871, 3, 100),
(3872, 4, 100),
(3873, 6, 100),
(3874, 7, 100),
(3875, 8, 100),
(3876, 9, 100),
(3877, 10, 100),
(3878, 12, 100),
(3879, 13, 100),
(3880, 14, 100),
(3881, 15, 100),
(3882, 16, 100),
(3883, 17, 100),
(3884, 18, 100),
(3885, 19, 100),
(3886, 20, 100),
(3887, 21, 100),
(3888, 22, 100),
(3889, 23, 100),
(3890, 24, 100),
(3891, 25, 100),
(3892, 26, 100),
(3893, 27, 100),
(3894, 28, 100),
(3895, 29, 100),
(3896, 30, 100),
(3897, 31, 100),
(3898, 32, 100),
(3899, 34, 100),
(3900, 35, 100),
(3901, 36, 100),
(3902, 37, 100),
(3903, 38, 100),
(3904, 11, 100),
(3905, 39, 100),
(3906, 40, 100),
(3907, 41, 100),
(3908, 42, 100),
(3909, 5, 100),
(3910, 33, 100),
(3911, 1, 101),
(3912, 2, 101),
(3913, 3, 101),
(3914, 4, 101),
(3915, 6, 101),
(3916, 7, 101),
(3917, 8, 101),
(3918, 9, 101),
(3919, 10, 101),
(3920, 12, 101),
(3921, 13, 101),
(3922, 14, 101),
(3923, 15, 101),
(3924, 16, 101),
(3925, 17, 101),
(3926, 18, 101),
(3927, 19, 101),
(3928, 20, 101),
(3929, 21, 101),
(3930, 22, 101),
(3931, 23, 101),
(3932, 24, 101),
(3933, 25, 101),
(3934, 26, 101),
(3935, 27, 101),
(3936, 28, 101),
(3937, 29, 101),
(3938, 30, 101),
(3939, 31, 101),
(3940, 32, 101),
(3941, 34, 101),
(3942, 35, 101),
(3943, 36, 101),
(3944, 37, 101),
(3945, 38, 101),
(3946, 11, 101),
(3947, 39, 101),
(3948, 40, 101),
(3949, 41, 101),
(3950, 42, 101),
(3951, 5, 101),
(3952, 33, 101),
(3953, 1, 102),
(3954, 2, 102),
(3955, 3, 102),
(3956, 4, 102),
(3957, 6, 102),
(3958, 7, 102),
(3959, 8, 102),
(3960, 9, 102),
(3961, 10, 102),
(3962, 12, 102),
(3963, 13, 102),
(3964, 14, 102),
(3965, 15, 102),
(3966, 16, 102),
(3967, 17, 102),
(3968, 18, 102),
(3969, 19, 102),
(3970, 20, 102),
(3971, 21, 102),
(3972, 22, 102),
(3973, 23, 102),
(3974, 24, 102),
(3975, 25, 102),
(3976, 26, 102),
(3977, 27, 102),
(3978, 28, 102),
(3979, 29, 102),
(3980, 30, 102),
(3981, 31, 102),
(3982, 32, 102),
(3983, 34, 102),
(3984, 35, 102),
(3985, 36, 102),
(3986, 37, 102),
(3987, 38, 102),
(3988, 11, 102),
(3989, 39, 102),
(3990, 40, 102),
(3991, 41, 102),
(3992, 42, 102),
(3993, 5, 102),
(3994, 33, 102),
(3995, 1, 103),
(3996, 2, 103),
(3997, 3, 103),
(3998, 4, 103),
(3999, 6, 103),
(4000, 7, 103),
(4001, 8, 103),
(4002, 9, 103),
(4003, 10, 103),
(4004, 12, 103),
(4005, 13, 103),
(4006, 14, 103),
(4007, 15, 103),
(4008, 16, 103),
(4009, 17, 103),
(4010, 18, 103),
(4011, 19, 103),
(4012, 20, 103),
(4013, 21, 103),
(4014, 22, 103),
(4015, 23, 103),
(4016, 24, 103),
(4017, 25, 103),
(4018, 26, 103),
(4019, 27, 103),
(4020, 28, 103),
(4021, 29, 103),
(4022, 30, 103),
(4023, 31, 103),
(4024, 32, 103),
(4025, 34, 103),
(4026, 35, 103),
(4027, 36, 103),
(4028, 37, 103),
(4029, 38, 103),
(4030, 11, 103),
(4031, 39, 103),
(4032, 40, 103),
(4033, 41, 103),
(4034, 42, 103),
(4035, 5, 103),
(4036, 33, 103),
(4037, 1, 104),
(4038, 2, 104),
(4039, 3, 104),
(4040, 4, 104),
(4041, 6, 104),
(4042, 7, 104),
(4043, 8, 104),
(4044, 9, 104),
(4045, 10, 104),
(4046, 12, 104),
(4047, 13, 104),
(4048, 14, 104),
(4049, 15, 104),
(4050, 16, 104),
(4051, 17, 104),
(4052, 18, 104),
(4053, 19, 104),
(4054, 20, 104),
(4055, 21, 104),
(4056, 22, 104),
(4057, 23, 104),
(4058, 24, 104),
(4059, 25, 104),
(4060, 26, 104),
(4061, 27, 104),
(4062, 28, 104),
(4063, 29, 104),
(4064, 30, 104),
(4065, 31, 104),
(4066, 32, 104),
(4067, 34, 104),
(4068, 35, 104),
(4069, 36, 104),
(4070, 37, 104),
(4071, 38, 104),
(4072, 11, 104),
(4073, 39, 104),
(4074, 40, 104),
(4075, 41, 104),
(4076, 42, 104),
(4077, 5, 104),
(4078, 33, 104),
(4079, 1, 105),
(4080, 2, 105),
(4081, 3, 105),
(4082, 4, 105),
(4083, 6, 105),
(4084, 7, 105),
(4085, 8, 105),
(4086, 9, 105),
(4087, 10, 105),
(4088, 12, 105),
(4089, 13, 105),
(4090, 14, 105),
(4091, 15, 105),
(4092, 16, 105),
(4093, 17, 105),
(4094, 18, 105),
(4095, 19, 105),
(4096, 20, 105),
(4097, 21, 105),
(4098, 22, 105),
(4099, 23, 105),
(4100, 24, 105),
(4101, 25, 105),
(4102, 26, 105),
(4103, 27, 105),
(4104, 28, 105),
(4105, 29, 105),
(4106, 30, 105),
(4107, 31, 105),
(4108, 32, 105),
(4109, 34, 105),
(4110, 35, 105),
(4111, 36, 105),
(4112, 37, 105),
(4113, 38, 105),
(4114, 11, 105),
(4115, 39, 105),
(4116, 40, 105),
(4117, 41, 105),
(4118, 42, 105),
(4119, 5, 105),
(4120, 33, 105),
(4121, 1, 106),
(4122, 2, 106),
(4123, 3, 106),
(4124, 4, 106),
(4125, 6, 106),
(4126, 7, 106),
(4127, 8, 106),
(4128, 9, 106),
(4129, 10, 106),
(4130, 12, 106),
(4131, 13, 106),
(4132, 14, 106),
(4133, 15, 106),
(4134, 16, 106),
(4135, 17, 106),
(4136, 18, 106),
(4137, 19, 106),
(4138, 20, 106),
(4139, 21, 106),
(4140, 22, 106),
(4141, 23, 106),
(4142, 24, 106),
(4143, 25, 106),
(4144, 26, 106),
(4145, 27, 106),
(4146, 28, 106),
(4147, 29, 106),
(4148, 30, 106),
(4149, 31, 106),
(4150, 32, 106),
(4151, 34, 106),
(4152, 35, 106),
(4153, 36, 106),
(4154, 37, 106),
(4155, 38, 106),
(4156, 11, 106),
(4157, 39, 106),
(4158, 40, 106),
(4159, 41, 106),
(4160, 42, 106),
(4161, 5, 106),
(4162, 33, 106),
(4163, 1, 107),
(4164, 2, 107),
(4165, 3, 107),
(4166, 4, 107),
(4167, 6, 107),
(4168, 7, 107),
(4169, 8, 107),
(4170, 9, 107),
(4171, 10, 107),
(4172, 12, 107),
(4173, 13, 107),
(4174, 14, 107),
(4175, 15, 107),
(4176, 16, 107),
(4177, 17, 107),
(4178, 18, 107),
(4179, 19, 107),
(4180, 20, 107),
(4181, 21, 107),
(4182, 22, 107),
(4183, 23, 107),
(4184, 24, 107),
(4185, 25, 107),
(4186, 26, 107),
(4187, 27, 107),
(4188, 28, 107),
(4189, 29, 107),
(4190, 30, 107),
(4191, 31, 107),
(4192, 32, 107),
(4193, 34, 107),
(4194, 35, 107),
(4195, 36, 107),
(4196, 37, 107),
(4197, 38, 107),
(4198, 11, 107),
(4199, 39, 107),
(4200, 40, 107),
(4201, 41, 107),
(4202, 42, 107),
(4203, 5, 107),
(4204, 33, 107),
(4205, 1, 108),
(4206, 2, 108),
(4207, 3, 108),
(4208, 4, 108),
(4209, 6, 108),
(4210, 7, 108),
(4211, 8, 108),
(4212, 9, 108),
(4213, 10, 108),
(4214, 12, 108),
(4215, 13, 108),
(4216, 14, 108),
(4217, 15, 108),
(4218, 16, 108),
(4219, 17, 108),
(4220, 18, 108),
(4221, 19, 108),
(4222, 20, 108),
(4223, 21, 108),
(4224, 22, 108),
(4225, 23, 108),
(4226, 24, 108),
(4227, 25, 108),
(4228, 26, 108),
(4229, 27, 108),
(4230, 28, 108),
(4231, 29, 108),
(4232, 30, 108),
(4233, 31, 108),
(4234, 32, 108),
(4235, 34, 108),
(4236, 35, 108),
(4237, 36, 108),
(4238, 37, 108),
(4239, 38, 108),
(4240, 11, 108),
(4241, 39, 108),
(4242, 40, 108),
(4243, 41, 108),
(4244, 42, 108),
(4245, 5, 108),
(4246, 33, 108),
(4247, 1, 109),
(4248, 2, 109),
(4249, 3, 109),
(4250, 4, 109),
(4251, 6, 109),
(4252, 7, 109),
(4253, 8, 109),
(4254, 9, 109),
(4255, 10, 109),
(4256, 12, 109),
(4257, 13, 109),
(4258, 14, 109),
(4259, 15, 109),
(4260, 16, 109),
(4261, 17, 109),
(4262, 18, 109),
(4263, 19, 109),
(4264, 20, 109),
(4265, 21, 109),
(4266, 22, 109),
(4267, 23, 109),
(4268, 24, 109),
(4269, 25, 109),
(4270, 26, 109),
(4271, 27, 109),
(4272, 28, 109),
(4273, 29, 109),
(4274, 30, 109),
(4275, 31, 109),
(4276, 32, 109),
(4277, 34, 109),
(4278, 35, 109),
(4279, 36, 109),
(4280, 37, 109),
(4281, 38, 109),
(4282, 11, 109),
(4283, 39, 109),
(4284, 40, 109),
(4285, 41, 109),
(4286, 42, 109),
(4287, 5, 109),
(4288, 33, 109),
(4289, 1, 110),
(4290, 2, 110),
(4291, 7, 110),
(4292, 8, 110),
(4293, 10, 110),
(4294, 12, 110),
(4295, 16, 110),
(4296, 20, 110),
(4297, 32, 110),
(4298, 35, 110),
(4299, 36, 110),
(4300, 9, 111),
(4301, 14, 111),
(4302, 17, 111),
(4303, 19, 111),
(4304, 21, 111),
(4305, 23, 111),
(4306, 24, 111),
(4307, 25, 111),
(4308, 26, 111),
(4309, 28, 111),
(4310, 29, 111),
(4311, 30, 111),
(4312, 31, 111),
(4313, 11, 111),
(4314, 39, 111),
(4315, 41, 111),
(4316, 3, 112),
(4317, 4, 112),
(4318, 6, 112),
(4319, 13, 112),
(4320, 15, 112),
(4321, 18, 112),
(4322, 22, 112),
(4323, 27, 112),
(4324, 34, 112),
(4325, 38, 112),
(4326, 40, 112),
(4327, 42, 112),
(4328, 5, 112),
(4329, 33, 112),
(4330, 37, 113),
(4331, 1, 114),
(4332, 2, 114),
(4333, 7, 114),
(4334, 8, 114),
(4335, 10, 114),
(4336, 12, 114),
(4337, 16, 114),
(4338, 20, 114),
(4339, 32, 114),
(4340, 35, 114),
(4341, 36, 114),
(4342, 9, 115),
(4343, 14, 115),
(4344, 17, 115),
(4345, 19, 115),
(4346, 21, 115),
(4347, 23, 115),
(4348, 24, 115),
(4349, 25, 115),
(4350, 26, 115),
(4351, 28, 115),
(4352, 29, 115),
(4353, 30, 115),
(4354, 31, 115),
(4355, 37, 115),
(4356, 11, 115),
(4357, 39, 115),
(4358, 41, 115),
(4359, 3, 116),
(4360, 4, 116),
(4361, 6, 116),
(4362, 13, 116),
(4363, 15, 116),
(4364, 18, 116),
(4365, 22, 116),
(4366, 27, 116),
(4367, 34, 116),
(4368, 38, 116),
(4369, 40, 116),
(4370, 42, 116),
(4371, 5, 116),
(4372, 33, 116),
(4373, 1, 117),
(4374, 2, 117),
(4375, 7, 117),
(4376, 8, 117),
(4377, 10, 117),
(4378, 12, 117),
(4379, 16, 117),
(4380, 20, 117),
(4381, 32, 117),
(4382, 35, 117),
(4383, 36, 117),
(4384, 9, 118),
(4385, 14, 118),
(4386, 17, 118),
(4387, 19, 118),
(4388, 21, 118),
(4389, 23, 118),
(4390, 24, 118),
(4391, 25, 118),
(4392, 26, 118),
(4393, 28, 118),
(4394, 29, 118),
(4395, 30, 118),
(4396, 31, 118),
(4397, 37, 118),
(4398, 11, 118),
(4399, 39, 118),
(4400, 41, 118),
(4401, 3, 119),
(4402, 4, 119),
(4403, 6, 119),
(4404, 13, 119),
(4405, 15, 119),
(4406, 18, 119),
(4407, 22, 119),
(4408, 27, 119),
(4409, 34, 119),
(4410, 38, 119),
(4411, 40, 119),
(4412, 42, 119),
(4413, 5, 119),
(4414, 33, 119),
(4415, 43, 119),
(4416, 43, 120),
(4417, 43, 121),
(4418, 43, 122),
(4419, 1, 129),
(4420, 2, 129),
(4421, 7, 129),
(4422, 8, 129),
(4423, 10, 129),
(4424, 12, 129),
(4425, 16, 129),
(4426, 20, 129),
(4427, 32, 129),
(4428, 35, 129),
(4429, 36, 129),
(4430, 9, 130),
(4431, 14, 130),
(4432, 17, 130),
(4433, 19, 130),
(4434, 21, 130),
(4435, 23, 130),
(4436, 24, 130),
(4437, 25, 130),
(4438, 26, 130),
(4439, 28, 130),
(4440, 29, 130),
(4441, 30, 130),
(4442, 31, 130),
(4443, 37, 130),
(4444, 11, 130),
(4445, 39, 130),
(4446, 41, 130),
(4447, 3, 131),
(4448, 4, 131),
(4449, 6, 131),
(4450, 13, 131),
(4451, 15, 131),
(4452, 18, 131),
(4453, 22, 131),
(4454, 27, 131),
(4455, 34, 131),
(4456, 38, 131),
(4457, 40, 131),
(4458, 42, 131),
(4459, 43, 131),
(4460, 5, 131),
(4461, 33, 131),
(4462, 1, 132),
(4463, 2, 132),
(4464, 7, 132),
(4465, 8, 132),
(4466, 10, 132),
(4467, 12, 132),
(4468, 16, 132),
(4469, 20, 132),
(4470, 32, 132),
(4471, 35, 132),
(4472, 36, 132),
(4473, 9, 133),
(4474, 14, 133),
(4475, 17, 133),
(4476, 19, 133),
(4477, 21, 133),
(4478, 23, 133),
(4479, 24, 133),
(4480, 25, 133),
(4481, 26, 133),
(4482, 28, 133),
(4483, 29, 133),
(4484, 30, 133),
(4485, 31, 133),
(4486, 37, 133),
(4487, 11, 133),
(4488, 39, 133),
(4489, 41, 133),
(4490, 3, 134),
(4491, 4, 134),
(4492, 6, 134),
(4493, 13, 134),
(4494, 15, 134),
(4495, 18, 134),
(4496, 22, 134),
(4497, 27, 134),
(4498, 34, 134),
(4499, 38, 134),
(4500, 40, 134),
(4501, 42, 134),
(4502, 43, 134),
(4503, 5, 134),
(4504, 33, 134),
(4505, 1, 135),
(4506, 2, 135),
(4507, 7, 135),
(4508, 8, 135),
(4509, 10, 135),
(4510, 12, 135),
(4511, 16, 135),
(4512, 20, 135),
(4513, 32, 135),
(4514, 35, 135),
(4515, 36, 135),
(4516, 3, 136),
(4517, 4, 136),
(4518, 6, 136),
(4519, 13, 136),
(4520, 15, 136),
(4521, 18, 136),
(4522, 22, 136),
(4523, 27, 136),
(4524, 34, 136),
(4525, 38, 136),
(4526, 40, 136),
(4527, 42, 136),
(4528, 43, 136),
(4529, 5, 136),
(4530, 33, 136),
(4531, 9, 137),
(4532, 14, 137),
(4533, 17, 137),
(4534, 19, 137),
(4535, 21, 137),
(4536, 23, 137),
(4537, 24, 137),
(4538, 25, 137),
(4539, 26, 137),
(4540, 28, 137),
(4541, 29, 137),
(4542, 30, 137),
(4543, 31, 137),
(4544, 37, 137),
(4545, 11, 137),
(4546, 39, 137),
(4547, 41, 137),
(4548, 1, 138),
(4549, 2, 138),
(4550, 7, 138),
(4551, 8, 138),
(4552, 10, 138),
(4553, 12, 138),
(4554, 16, 138),
(4555, 20, 138),
(4556, 32, 138),
(4557, 35, 138),
(4558, 36, 138),
(4559, 9, 139),
(4560, 14, 139),
(4561, 17, 139),
(4562, 19, 139),
(4563, 21, 139),
(4564, 23, 139),
(4565, 24, 139),
(4566, 25, 139),
(4567, 26, 139),
(4568, 28, 139),
(4569, 29, 139),
(4570, 30, 139),
(4571, 31, 139),
(4572, 37, 139),
(4573, 11, 139),
(4574, 39, 139),
(4575, 41, 139),
(4576, 3, 140),
(4577, 4, 140),
(4578, 6, 140),
(4579, 13, 140),
(4580, 15, 140),
(4581, 18, 140),
(4582, 22, 140),
(4583, 27, 140),
(4584, 34, 140),
(4585, 38, 140),
(4586, 40, 140),
(4587, 42, 140),
(4588, 43, 140),
(4589, 5, 140),
(4590, 33, 140),
(4591, 1, 141),
(4592, 2, 141),
(4593, 7, 141),
(4594, 8, 141),
(4595, 10, 141),
(4596, 12, 141),
(4597, 16, 141),
(4598, 20, 141),
(4599, 32, 141),
(4600, 35, 141),
(4601, 36, 141),
(4602, 9, 142),
(4603, 14, 142),
(4604, 17, 142),
(4605, 19, 142),
(4606, 21, 142),
(4607, 23, 142),
(4608, 24, 142),
(4609, 25, 142),
(4610, 26, 142),
(4611, 28, 142),
(4612, 29, 142),
(4613, 30, 142),
(4614, 31, 142),
(4615, 37, 142),
(4616, 11, 142),
(4617, 39, 142),
(4618, 41, 142),
(4619, 3, 143),
(4620, 4, 143),
(4621, 6, 143),
(4622, 13, 143),
(4623, 15, 143),
(4624, 18, 143),
(4625, 22, 143),
(4626, 27, 143),
(4627, 34, 143),
(4628, 38, 143),
(4629, 40, 143),
(4630, 42, 143),
(4631, 43, 143),
(4632, 5, 143),
(4633, 33, 143),
(4634, 1, 144),
(4635, 2, 144),
(4636, 7, 144),
(4637, 8, 144),
(4638, 10, 144),
(4639, 12, 144),
(4640, 16, 144),
(4641, 20, 144),
(4642, 32, 144),
(4643, 35, 144),
(4644, 36, 144),
(4645, 9, 145),
(4646, 14, 145),
(4647, 17, 145),
(4648, 19, 145),
(4649, 21, 145),
(4650, 23, 145),
(4651, 24, 145),
(4652, 25, 145),
(4653, 26, 145),
(4654, 28, 145),
(4655, 29, 145),
(4656, 30, 145),
(4657, 31, 145),
(4658, 37, 145),
(4659, 11, 145),
(4660, 39, 145),
(4661, 41, 145),
(4662, 3, 146),
(4663, 4, 146),
(4664, 6, 146),
(4665, 13, 146),
(4666, 15, 146),
(4667, 18, 146),
(4668, 22, 146),
(4669, 27, 146),
(4670, 34, 146),
(4671, 38, 146),
(4672, 40, 146),
(4673, 42, 146),
(4674, 43, 146),
(4675, 5, 146),
(4676, 33, 146),
(4677, 1, 147),
(4678, 2, 147),
(4679, 7, 147),
(4680, 8, 147),
(4681, 10, 147),
(4682, 12, 147),
(4683, 16, 147),
(4684, 20, 147),
(4685, 32, 147),
(4686, 35, 147),
(4687, 36, 147),
(4688, 9, 148),
(4689, 14, 148),
(4690, 17, 148),
(4691, 19, 148),
(4692, 21, 148),
(4693, 23, 148),
(4694, 24, 148),
(4695, 25, 148),
(4696, 26, 148),
(4697, 28, 148),
(4698, 29, 148),
(4699, 30, 148),
(4700, 31, 148),
(4701, 37, 148),
(4702, 11, 148),
(4703, 39, 148),
(4704, 41, 148),
(4705, 3, 149),
(4706, 4, 149),
(4707, 6, 149),
(4708, 13, 149),
(4709, 15, 149),
(4710, 18, 149),
(4711, 22, 149),
(4712, 27, 149),
(4713, 34, 149),
(4714, 38, 149),
(4715, 40, 149),
(4716, 42, 149),
(4717, 43, 149),
(4718, 5, 149),
(4719, 33, 149),
(4720, 1, 150),
(4721, 2, 150),
(4722, 7, 150),
(4723, 8, 150),
(4724, 10, 150),
(4725, 12, 150),
(4726, 16, 150),
(4727, 20, 150),
(4728, 32, 150),
(4729, 35, 150),
(4730, 36, 150),
(4731, 9, 151),
(4732, 14, 151),
(4733, 17, 151),
(4734, 19, 151),
(4735, 21, 151),
(4736, 23, 151),
(4737, 24, 151),
(4738, 25, 151),
(4739, 26, 151),
(4740, 28, 151),
(4741, 29, 151),
(4742, 30, 151),
(4743, 31, 151),
(4744, 37, 151),
(4745, 11, 151),
(4746, 39, 151),
(4747, 41, 151),
(4748, 3, 152),
(4749, 4, 152),
(4750, 6, 152),
(4751, 13, 152),
(4752, 15, 152),
(4753, 18, 152),
(4754, 22, 152),
(4755, 27, 152),
(4756, 34, 152),
(4757, 38, 152),
(4758, 40, 152),
(4759, 42, 152),
(4760, 43, 152),
(4761, 5, 152),
(4762, 33, 152),
(4763, 1, 153),
(4764, 2, 153),
(4765, 7, 153),
(4766, 8, 153),
(4767, 10, 153),
(4768, 12, 153),
(4769, 16, 153),
(4770, 20, 153),
(4771, 32, 153),
(4772, 35, 153),
(4773, 36, 153),
(4774, 9, 154),
(4775, 14, 154),
(4776, 17, 154),
(4777, 19, 154),
(4778, 21, 154),
(4779, 23, 154),
(4780, 24, 154),
(4781, 25, 154),
(4782, 26, 154),
(4783, 28, 154),
(4784, 29, 154),
(4785, 30, 154),
(4786, 31, 154),
(4787, 37, 154),
(4788, 11, 154),
(4789, 39, 154),
(4790, 41, 154),
(4791, 3, 155),
(4792, 4, 155),
(4793, 6, 155),
(4794, 13, 155),
(4795, 15, 155),
(4796, 18, 155),
(4797, 22, 155),
(4798, 27, 155),
(4799, 34, 155),
(4800, 38, 155),
(4801, 40, 155),
(4802, 42, 155),
(4803, 43, 155),
(4804, 5, 155),
(4805, 33, 155),
(4806, 1, 156),
(4807, 2, 156),
(4808, 7, 156),
(4809, 8, 156),
(4810, 10, 156),
(4811, 12, 156),
(4812, 16, 156),
(4813, 20, 156),
(4814, 32, 156),
(4815, 35, 156),
(4816, 36, 156),
(4817, 9, 157),
(4818, 14, 157),
(4819, 17, 157),
(4820, 19, 157),
(4821, 21, 157),
(4822, 23, 157),
(4823, 24, 157),
(4824, 25, 157),
(4825, 26, 157),
(4826, 28, 157),
(4827, 29, 157),
(4828, 30, 157),
(4829, 31, 157),
(4830, 37, 157),
(4831, 11, 157),
(4832, 39, 157),
(4833, 41, 157),
(4834, 3, 158),
(4835, 4, 158),
(4836, 6, 158),
(4837, 13, 158),
(4838, 15, 158),
(4839, 18, 158),
(4840, 22, 158),
(4841, 27, 158),
(4842, 34, 158),
(4843, 38, 158),
(4844, 40, 158),
(4845, 42, 158),
(4846, 43, 158),
(4847, 5, 158),
(4848, 33, 158),
(4849, 1, 159),
(4850, 2, 159),
(4851, 7, 159),
(4852, 8, 159),
(4853, 10, 159),
(4854, 12, 159),
(4855, 16, 159),
(4856, 20, 159),
(4857, 32, 159),
(4858, 35, 159),
(4859, 36, 159),
(4860, 9, 160),
(4861, 14, 160),
(4862, 17, 160),
(4863, 19, 160),
(4864, 21, 160),
(4865, 23, 160),
(4866, 24, 160),
(4867, 25, 160),
(4868, 26, 160),
(4869, 28, 160),
(4870, 29, 160),
(4871, 30, 160),
(4872, 31, 160),
(4873, 37, 160),
(4874, 11, 160),
(4875, 39, 160),
(4876, 41, 160),
(4877, 3, 161),
(4878, 4, 161),
(4879, 6, 161),
(4880, 13, 161),
(4881, 15, 161),
(4882, 18, 161),
(4883, 22, 161),
(4884, 27, 161),
(4885, 34, 161),
(4886, 38, 161),
(4887, 40, 161),
(4888, 42, 161),
(4889, 43, 161),
(4890, 5, 161),
(4891, 33, 161),
(4892, 1, 162),
(4893, 2, 162),
(4894, 7, 162),
(4895, 8, 162),
(4896, 10, 162),
(4897, 12, 162),
(4898, 16, 162),
(4899, 20, 162),
(4900, 32, 162),
(4901, 35, 162),
(4902, 36, 162),
(4903, 9, 163),
(4904, 14, 163),
(4905, 17, 163),
(4906, 19, 163),
(4907, 21, 163),
(4908, 23, 163),
(4909, 24, 163),
(4910, 25, 163),
(4911, 26, 163),
(4912, 28, 163),
(4913, 29, 163),
(4914, 30, 163),
(4915, 31, 163),
(4916, 37, 163),
(4917, 11, 163),
(4918, 39, 163),
(4919, 41, 163),
(4920, 3, 164),
(4921, 4, 164),
(4922, 6, 164),
(4923, 13, 164),
(4924, 15, 164),
(4925, 18, 164),
(4926, 22, 164),
(4927, 27, 164),
(4928, 34, 164),
(4929, 38, 164),
(4930, 40, 164),
(4931, 42, 164),
(4932, 43, 164),
(4933, 5, 164),
(4934, 33, 164),
(4935, 1, 165),
(4936, 2, 165),
(4937, 7, 165),
(4938, 8, 165),
(4939, 10, 165),
(4940, 12, 165),
(4941, 16, 165),
(4942, 20, 165),
(4943, 32, 165),
(4944, 35, 165),
(4945, 36, 165),
(4946, 9, 166),
(4947, 14, 166),
(4948, 17, 166),
(4949, 19, 166),
(4950, 21, 166),
(4951, 23, 166),
(4952, 24, 166),
(4953, 25, 166),
(4954, 26, 166),
(4955, 28, 166),
(4956, 29, 166),
(4957, 30, 166),
(4958, 31, 166),
(4959, 37, 166),
(4960, 11, 166),
(4961, 39, 166),
(4962, 41, 166),
(4963, 3, 167),
(4964, 4, 167),
(4965, 6, 167),
(4966, 13, 167),
(4967, 15, 167),
(4968, 18, 167),
(4969, 22, 167),
(4970, 27, 167),
(4971, 34, 167),
(4972, 38, 167),
(4973, 40, 167),
(4974, 42, 167),
(4975, 43, 167),
(4976, 5, 167),
(4977, 33, 167),
(4978, 1, 168),
(4979, 2, 168),
(4980, 7, 168),
(4981, 8, 168),
(4982, 10, 168),
(4983, 12, 168),
(4984, 16, 168),
(4985, 20, 168),
(4986, 32, 168),
(4987, 35, 168),
(4988, 36, 168),
(4989, 9, 169),
(4990, 14, 169),
(4991, 17, 169),
(4992, 19, 169),
(4993, 21, 169),
(4994, 23, 169),
(4995, 24, 169),
(4996, 25, 169),
(4997, 26, 169),
(4998, 28, 169),
(4999, 29, 169),
(5000, 30, 169),
(5001, 31, 169),
(5002, 37, 169),
(5003, 11, 169),
(5004, 39, 169),
(5005, 41, 169),
(5006, 3, 170),
(5007, 4, 170),
(5008, 6, 170),
(5009, 13, 170),
(5010, 15, 170),
(5011, 18, 170),
(5012, 22, 170),
(5013, 27, 170),
(5014, 34, 170),
(5015, 38, 170),
(5016, 40, 170),
(5017, 42, 170),
(5018, 43, 170),
(5019, 5, 170),
(5020, 33, 170),
(5021, 1, 171),
(5022, 2, 171),
(5023, 7, 171),
(5024, 8, 171),
(5025, 10, 171),
(5026, 12, 171),
(5027, 16, 171),
(5028, 20, 171),
(5029, 32, 171),
(5030, 35, 171),
(5031, 36, 171),
(5032, 9, 172),
(5033, 14, 172),
(5034, 17, 172),
(5035, 19, 172),
(5036, 21, 172),
(5037, 23, 172),
(5038, 24, 172),
(5039, 25, 172),
(5040, 26, 172),
(5041, 28, 172),
(5042, 29, 172),
(5043, 30, 172),
(5044, 31, 172),
(5045, 37, 172),
(5046, 11, 172),
(5047, 39, 172),
(5048, 41, 172),
(5049, 3, 173),
(5050, 4, 173),
(5051, 6, 173),
(5052, 13, 173),
(5053, 15, 173),
(5054, 18, 173),
(5055, 22, 173),
(5056, 27, 173),
(5057, 34, 173),
(5058, 38, 173),
(5059, 40, 173),
(5060, 42, 173),
(5061, 43, 173),
(5062, 5, 173),
(5063, 33, 173),
(5064, 1, 174),
(5065, 2, 174),
(5066, 7, 174),
(5067, 8, 174),
(5068, 10, 174),
(5069, 12, 174),
(5070, 16, 174),
(5071, 20, 174),
(5072, 32, 174),
(5073, 35, 174),
(5074, 36, 174),
(5075, 9, 175),
(5076, 14, 175),
(5077, 17, 175),
(5078, 19, 175),
(5079, 21, 175),
(5080, 23, 175),
(5081, 24, 175),
(5082, 25, 175),
(5083, 26, 175),
(5084, 28, 175),
(5085, 29, 175),
(5086, 30, 175),
(5087, 31, 175),
(5088, 37, 175),
(5089, 11, 175),
(5090, 39, 175),
(5091, 41, 175),
(5092, 3, 176),
(5093, 4, 176),
(5094, 6, 176),
(5095, 13, 176),
(5096, 15, 176),
(5097, 18, 176),
(5098, 22, 176),
(5099, 27, 176),
(5100, 34, 176),
(5101, 38, 176),
(5102, 40, 176),
(5103, 42, 176),
(5104, 43, 176),
(5105, 5, 176),
(5106, 33, 176),
(5107, 1, 177),
(5108, 2, 177),
(5109, 7, 177),
(5110, 8, 177),
(5111, 10, 177),
(5112, 12, 177),
(5113, 16, 177),
(5114, 20, 177),
(5115, 32, 177),
(5116, 35, 177),
(5117, 36, 177),
(5118, 9, 178),
(5119, 14, 178),
(5120, 17, 178),
(5121, 19, 178),
(5122, 21, 178),
(5123, 23, 178),
(5124, 24, 178),
(5125, 25, 178),
(5126, 26, 178),
(5127, 28, 178),
(5128, 29, 178),
(5129, 30, 178),
(5130, 31, 178),
(5131, 37, 178),
(5132, 11, 178),
(5133, 39, 178),
(5134, 41, 178),
(5135, 3, 179),
(5136, 4, 179),
(5137, 6, 179),
(5138, 13, 179),
(5139, 15, 179),
(5140, 18, 179),
(5141, 22, 179),
(5142, 27, 179),
(5143, 34, 179),
(5144, 38, 179),
(5145, 40, 179),
(5146, 42, 179),
(5147, 43, 179),
(5148, 5, 179),
(5149, 33, 179),
(5150, 1, 180),
(5151, 2, 180),
(5152, 7, 180),
(5153, 8, 180),
(5154, 10, 180),
(5155, 12, 180),
(5156, 16, 180),
(5157, 20, 180),
(5158, 32, 180),
(5159, 35, 180),
(5160, 36, 180),
(5161, 9, 181),
(5162, 14, 181),
(5163, 17, 181),
(5164, 19, 181),
(5165, 21, 181),
(5166, 23, 181),
(5167, 24, 181),
(5168, 25, 181),
(5169, 26, 181),
(5170, 28, 181),
(5171, 29, 181),
(5172, 30, 181),
(5173, 31, 181),
(5174, 37, 181),
(5175, 11, 181),
(5176, 39, 181),
(5177, 41, 181),
(5178, 3, 182),
(5179, 4, 182),
(5180, 6, 182),
(5181, 13, 182),
(5182, 15, 182),
(5183, 18, 182),
(5184, 22, 182),
(5185, 27, 182),
(5186, 34, 182),
(5187, 38, 182),
(5188, 40, 182),
(5189, 42, 182),
(5190, 43, 182),
(5191, 5, 182),
(5192, 33, 182),
(5193, 1, 183),
(5194, 2, 183),
(5195, 7, 183),
(5196, 8, 183),
(5197, 10, 183),
(5198, 12, 183),
(5199, 16, 183),
(5200, 20, 183),
(5201, 32, 183),
(5202, 35, 183),
(5203, 36, 183),
(5204, 9, 184),
(5205, 14, 184),
(5206, 17, 184),
(5207, 19, 184),
(5208, 21, 184),
(5209, 23, 184),
(5210, 24, 184),
(5211, 25, 184),
(5212, 26, 184),
(5213, 28, 184),
(5214, 29, 184),
(5215, 30, 184),
(5216, 31, 184),
(5217, 37, 184),
(5218, 11, 184),
(5219, 39, 184),
(5220, 41, 184),
(5221, 3, 185),
(5222, 4, 185),
(5223, 6, 185),
(5224, 13, 185),
(5225, 15, 185),
(5226, 18, 185),
(5227, 22, 185),
(5228, 27, 185),
(5229, 34, 185),
(5230, 38, 185),
(5231, 40, 185),
(5232, 42, 185),
(5233, 43, 185),
(5234, 5, 185),
(5235, 33, 185),
(5236, 43, 186),
(5237, 43, 187),
(5238, 43, 188),
(5239, 43, 189),
(5240, 43, 190),
(5241, 43, 191),
(5242, 43, 192),
(5243, 43, 193),
(5244, 43, 194),
(5245, 43, 195),
(5246, 43, 196),
(5247, 43, 197),
(5248, 43, 198),
(5249, 43, 199),
(5250, 43, 200),
(5251, 43, 201),
(5252, 43, 202),
(5253, 43, 203),
(5254, 43, 204),
(5255, 43, 205),
(5256, 43, 206),
(5257, 43, 207),
(5258, 43, 208),
(5259, 43, 209),
(5260, 43, 210),
(5261, 43, 211),
(5262, 43, 212),
(5263, 43, 213),
(5264, 43, 214),
(5265, 43, 215),
(5266, 43, 216),
(5267, 43, 217),
(5268, 43, 218),
(5269, 43, 219),
(5270, 43, 220),
(5271, 43, 221),
(5272, 43, 222),
(5273, 43, 223),
(5274, 43, 224),
(5275, 43, 225),
(5276, 43, 226),
(5277, 43, 227),
(5278, 43, 228),
(5279, 43, 229),
(5280, 43, 230),
(5281, 43, 231),
(5282, 43, 232),
(5283, 43, 233),
(5284, 43, 234),
(5285, 43, 235),
(5286, 43, 236),
(5287, 43, 237),
(5288, 43, 238),
(5289, 43, 239),
(5290, 43, 240),
(5291, 43, 241),
(5292, 43, 242),
(5293, 43, 243),
(5294, 43, 244),
(5295, 43, 245),
(5296, 43, 246),
(5297, 43, 247),
(5298, 43, 248),
(5299, 43, 249),
(5300, 43, 250),
(5301, 43, 251),
(5302, 43, 252),
(5303, 43, 253),
(5304, 43, 254),
(5305, 43, 255),
(5306, 43, 256),
(5307, 43, 257),
(5308, 43, 258),
(5309, 43, 259),
(5310, 43, 260),
(5311, 43, 261),
(5312, 43, 262),
(5313, 43, 263),
(5314, 43, 264),
(5315, 43, 265),
(5316, 43, 266),
(5317, 43, 267),
(5318, 43, 268),
(5319, 43, 269),
(5320, 43, 270),
(5321, 43, 271),
(5322, 43, 272),
(5323, 43, 273),
(5324, 43, 274),
(5325, 43, 275),
(5326, 43, 276),
(5327, 43, 277),
(5328, 43, 278),
(5329, 43, 279),
(5330, 43, 280),
(5331, 43, 281),
(5332, 43, 282),
(5333, 43, 283),
(5334, 43, 284),
(5335, 43, 285),
(5336, 43, 286);

-- --------------------------------------------------------

--
-- Table structure for table `ordered_items`
--

CREATE TABLE `ordered_items` (
  `id` int NOT NULL,
  `order_id` int NOT NULL,
  `product_id` int NOT NULL,
  `price_id` int NOT NULL
) ENGINE=InnoDB DEFAULT CHARSET=utf8mb4;

--
-- Dumping data for table `ordered_items`
--

INSERT INTO `ordered_items` (`id`, `order_id`, `product_id`, `price_id`) VALUES
(62, 35, 131, 177),
(63, 35, 132, 180),
(64, 36, 133, 183),
(65, 37, 122, 150);

-- --------------------------------------------------------

--
-- Table structure for table `orders`
--

CREATE TABLE `orders` (
  `id` int NOT NULL,
  `user_id` int NOT NULL,
  `address_id` int NOT NULL,
  `total_price` int NOT NULL,
  `ispaid` int NOT NULL,
  `order_date` datetime NOT NULL,
  `status` int NOT NULL
) ENGINE=InnoDB DEFAULT CHARSET=utf8mb4;

--
-- Dumping data for table `orders`
--

INSERT INTO `orders` (`id`, `user_id`, `address_id`, `total_price`, `ispaid`, `order_date`, `status`) VALUES
(35, 32, 17, 309, 1, '2021-01-24 08:45:20', 1),
(36, 18, 8, 260, 0, '2021-01-25 11:21:16', 0),
(37, 18, 8, 220, 0, '2021-01-25 11:28:17', 0);

-- --------------------------------------------------------

--
-- Table structure for table `pincodes`
--

CREATE TABLE `pincodes` (
  `id` int NOT NULL,
  `pins` int NOT NULL
) ENGINE=InnoDB DEFAULT CHARSET=utf8;

--
-- Dumping data for table `pincodes`
--

INSERT INTO `pincodes` (`id`, `pins`) VALUES
(1, 821101),
(2, 821102),
(14, 821109);

-- --------------------------------------------------------

--
-- Table structure for table `prices`
--

CREATE TABLE `prices` (
  `id` int NOT NULL,
  `product_id` int NOT NULL,
  `price` int NOT NULL,
  `discount_in_rupees` int DEFAULT NULL,
  `discount_in_percent` int DEFAULT NULL,
  `offer_price` int DEFAULT NULL,
  `delivery_charge` int DEFAULT NULL
) ENGINE=InnoDB DEFAULT CHARSET=utf8;

--
-- Dumping data for table `prices`
--

INSERT INTO `prices` (`id`, `product_id`, `price`, `discount_in_rupees`, `discount_in_percent`, `offer_price`, `delivery_charge`) VALUES
(8, 1, 10, 0, 0, 0, 0),
(9, 2, 23, 0, 0, 20, 0),
(10, 3, 41, 0, 0, 0, 0),
(12, 4, 10, 0, 0, 0, 0),
(13, 5, 40, 0, 0, 37, 0),
(14, 6, 132, 0, 0, 95, 0),
(15, 7, 10, 0, 0, 0, 0),
(16, 8, 33, 0, 0, 0, 0),
(17, 9, 10, 0, 0, 0, 0),
(18, 10, 20, 0, 0, 0, 0),
(19, 11, 65, 0, 0, 45, 0),
(20, 12, 28, 0, 0, 20, 0),
(21, 14, 38, 0, 0, 37, 0),
(22, 16, 63, 0, 0, 62, 0),
(23, 22, 62, 0, 0, 61, 0),
(24, 23, 38, 0, 0, 37, 0),
(25, 44, 30, 0, 0, 0, 0),
(26, 45, 15, 0, 0, 10, 0),
(27, 46, 45, 0, 0, 44, 0),
(28, 47, 8, 0, 0, 7, 0),
(29, 48, 135, 0, 0, 109, 0),
(30, 49, 133, 0, 0, 132, 0),
(31, 50, 8, 0, 0, 0, 0),
(32, 51, 32, 0, 0, 30, 0),
(33, 52, 8, 0, 0, 0, 0),
(34, 53, 32, 0, 0, 30, 0),
(35, 54, 75, 0, 0, 73, 0),
(36, 55, 182, 0, 0, 0, 0),
(37, 56, 138, 0, 0, 0, 0),
(38, 57, 78, 0, 0, 0, 0),
(39, 58, 145, 0, 0, 0, 0),
(40, 59, 89, 0, 0, 0, 0),
(41, 60, 230, 0, 0, 0, 0),
(42, 61, 73, 0, 0, 71, 0),
(43, 62, 50, 0, 0, 0, 0),
(44, 63, 10, 0, 0, 0, 0),
(45, 64, 205, 0, 0, 0, 0),
(46, 65, 22, 0, 0, 0, 0),
(47, 66, 65, 0, 0, 0, 0),
(48, 67, 88, 0, 0, 0, 0),
(49, 68, 38, 0, 0, 0, 0),
(50, 69, 86, 0, 0, 0, 0),
(51, 70, 138, 0, 0, 0, 0),
(52, 71, 37, 0, 0, 0, 0),
(53, 72, 10, 0, 0, 0, 0),
(54, 73, 84, 0, 0, 75, 0),
(55, 74, 21, 0, 0, 20, 0),
(56, 75, 10, 0, 0, 0, 0),
(57, 76, 10, 0, 0, 0, 0),
(58, 77, 29, 0, 0, 0, 0),
(59, 78, 100, 0, 0, 0, 0),
(60, 79, 15, 0, 0, 0, 0),
(61, 80, 45, 0, 0, 0, 0),
(62, 81, 45, 0, 0, 0, 0),
(63, 82, 45, 0, 0, 0, 0),
(64, 83, 150, 0, 0, 140, 0),
(65, 84, 400, 0, 0, 385, 0),
(66, 85, 560, 0, 0, 545, 0),
(67, 86, 360, 0, 0, 350, 0),
(68, 87, 120, 0, 0, 110, 0),
(69, 88, 160, 0, 0, 150, 0),
(70, 89, 25, 0, 0, 0, 0),
(71, 90, 20, 0, 0, 0, 0),
(72, 91, 10, 0, 0, 0, 0),
(73, 92, 40, 0, 0, 0, 0),
(74, 13, 143, 0, 0, 142, 0),
(75, 15, 72, 0, 0, 71, 0),
(76, 17, 42, 0, 0, 41, 0),
(77, 19, 41, 0, 0, 40, 0),
(78, 20, 78, 0, 0, 77, 0),
(79, 21, 33, 0, 0, 32, 0),
(80, 26, 29, 0, 0, 28, 0),
(81, 27, 54, 0, 0, 55, 0),
(82, 28, 34, 0, 0, 33, 0),
(83, 29, 65, 0, 0, 64, 0),
(84, 30, 28, 0, 0, 27, 0),
(85, 31, 34, 0, 0, 33, 0),
(86, 33, 35, 0, 0, 34, 0),
(87, 35, 30, 0, 0, 29, 0),
(88, 37, 41, 0, 0, 40, 0),
(89, 39, 70, 0, 0, 69, 0),
(90, 41, 33, 0, 0, 40, 0),
(91, 93, 10, 0, 0, 0, 0),
(92, 94, 39, 0, 0, 0, 0),
(93, 95, 109, 0, 0, 0, 0),
(94, 96, 45, 0, 0, 0, 0),
(95, 97, 10, 0, 0, 0, 0),
(96, 98, 32, 0, 0, 0, 0),
(97, 99, 10, 0, 0, 0, 0),
(98, 100, 20, 0, 0, 0, 0),
(99, 101, 47, 0, 0, 0, 0),
(100, 102, 47, 0, 0, 0, 0),
(101, 103, 10, 0, 0, 0, 0),
(102, 104, 10, 0, 0, 0, 0),
(103, 105, 46, 0, 0, 0, 0),
(104, 106, 12, 0, 0, 0, 0),
(105, 107, 47, 0, 0, 0, 0),
(106, 108, 30, 0, 0, 0, 0),
(107, 109, 90, 0, 0, 85, 0),
(108, 110, 10, 0, 0, 0, 0),
(109, 111, 1, 0, 0, 0, 0),
(110, 112, 110, 0, 0, 0, 0),
(111, 112, 115, 0, 0, 0, 0),
(112, 112, 120, 0, 0, 0, 0),
(113, 112, 115, 0, 0, 0, 0),
(114, 113, 145, 0, 0, 0, 0),
(115, 113, 150, 0, 0, 0, 0),
(116, 113, 155, 0, 0, 0, 0),
(117, 114, 215, 0, 0, 0, 0),
(118, 114, 220, 0, 0, 0, 0),
(119, 114, 225, 0, 0, 0, 0),
(120, 113, 155, 0, 0, 0, 0),
(121, 112, 120, 0, 0, 0, 0),
(129, 115, 160, 0, 0, 0, 0),
(130, 115, 165, 0, 0, 0, 0),
(131, 115, 170, 0, 0, 0, 0),
(132, 116, 195, 0, 0, 0, 0),
(133, 116, 200, 0, 0, 0, 0),
(134, 116, 205, 0, 0, 0, 0),
(135, 117, 265, 0, 0, 0, 0),
(136, 117, 275, 0, 0, 0, 0),
(137, 117, 270, 0, 0, 0, 0),
(138, 118, 120, 0, 0, 0, 0),
(139, 118, 125, 0, 0, 0, 0),
(140, 118, 130, 0, 0, 0, 0),
(141, 119, 160, 0, 0, 0, 0),
(142, 119, 165, 0, 0, 0, 0),
(143, 119, 170, 0, 0, 0, 0),
(144, 120, 230, 0, 0, 0, 0),
(145, 120, 235, 0, 0, 0, 0),
(146, 120, 240, 0, 0, 0, 0),
(147, 121, 170, 0, 0, 0, 0),
(148, 121, 175, 0, 0, 0, 0),
(149, 121, 180, 0, 0, 0, 0),
(150, 122, 210, 0, 0, 0, 0),
(151, 122, 215, 0, 0, 0, 0),
(152, 122, 220, 0, 0, 0, 0),
(153, 123, 280, 0, 0, 0, 0),
(154, 123, 285, 0, 0, 0, 0),
(155, 123, 290, 0, 0, 0, 0),
(156, 124, 35, 0, 0, 0, 0),
(157, 124, 40, 0, 0, 0, 0),
(158, 124, 45, 0, 0, 0, 0),
(159, 125, 60, 0, 0, 0, 0),
(160, 125, 65, 0, 0, 0, 0),
(161, 125, 70, 0, 0, 0, 0),
(162, 126, 50, 0, 0, 0, 0),
(163, 126, 55, 0, 0, 0, 0),
(164, 126, 60, 0, 0, 0, 0),
(165, 127, 75, 0, 0, 0, 0),
(166, 127, 80, 0, 0, 0, 0),
(167, 127, 85, 0, 0, 0, 0),
(168, 128, 79, 0, 0, 0, 0),
(169, 128, 84, 0, 0, 0, 0),
(170, 128, 89, 0, 0, 0, 0),
(171, 129, 130, 0, 0, 0, 0),
(172, 129, 135, 0, 0, 0, 0),
(173, 129, 140, 0, 0, 0, 0),
(174, 130, 200, 0, 0, 0, 0),
(175, 130, 205, 0, 0, 0, 0),
(176, 130, 210, 0, 0, 0, 0),
(177, 131, 129, 0, 0, 0, 0),
(178, 131, 134, 0, 0, 0, 0),
(179, 131, 139, 0, 0, 0, 0),
(180, 132, 180, 0, 0, 0, 0),
(181, 132, 185, 0, 0, 0, 0),
(182, 132, 190, 0, 0, 0, 0),
(183, 133, 250, 0, 0, 0, 0),
(184, 133, 255, 0, 0, 0, 0),
(185, 133, 260, 0, 0, 0, 0),
(186, 1, 10, 0, 0, 0, 0),
(187, 2, 23, 0, 0, 20, 0),
(188, 3, 41, 0, 0, 0, 0),
(189, 4, 10, 0, 0, 0, 0),
(190, 5, 40, 0, 0, 37, 0),
(191, 6, 132, 0, 0, 95, 0),
(192, 7, 10, 0, 0, 0, 0),
(193, 8, 33, 0, 0, 32, 0),
(194, 9, 10, 0, 0, 0, 0),
(195, 10, 20, 0, 0, 0, 0),
(196, 11, 65, 0, 0, 45, 0),
(197, 12, 28, 0, 0, 20, 0),
(198, 13, 143, 0, 0, 142, 0),
(199, 14, 38, 0, 0, 37, 0),
(200, 15, 72, 0, 0, 71, 0),
(201, 16, 63, 0, 0, 62, 0),
(202, 17, 42, 0, 0, 41, 0),
(203, 19, 41, 0, 0, 40, 0),
(204, 20, 78, 0, 0, 77, 0),
(205, 21, 33, 0, 0, 32, 0),
(206, 22, 62, 0, 0, 61, 0),
(207, 23, 38, 0, 0, 37, 0),
(208, 26, 29, 0, 0, 28, 0),
(209, 27, 54, 0, 0, 53, 0),
(210, 28, 34, 0, 0, 33, 0),
(211, 29, 65, 0, 0, 64, 0),
(212, 30, 28, 0, 0, 27, 0),
(213, 31, 34, 0, 0, 33, 0),
(214, 33, 35, 0, 0, 34, 0),
(215, 35, 30, 0, 0, 29, 0),
(216, 37, 41, 0, 0, 40, 0),
(217, 39, 70, 0, 0, 69, 0),
(218, 41, 33, 0, 0, 32, 0),
(219, 44, 30, 0, 0, 0, 0),
(220, 45, 15, 0, 0, 10, 0),
(221, 46, 45, 0, 0, 44, 0),
(222, 47, 8, 0, 0, 7, 0),
(223, 48, 135, 0, 0, 109, 0),
(224, 49, 133, 0, 0, 132, 0),
(225, 50, 8, 0, 0, 0, 0),
(226, 51, 32, 0, 0, 30, 0),
(227, 52, 8, 0, 0, 0, 0),
(228, 53, 32, 0, 0, 30, 0),
(229, 54, 75, 0, 0, 73, 0),
(230, 55, 182, 0, 0, 181, 0),
(231, 56, 138, 0, 0, 0, 0),
(232, 57, 78, 0, 0, 67, 0),
(233, 58, 145, 0, 0, 0, 0),
(234, 59, 89, 0, 0, 0, 0),
(235, 60, 230, 0, 0, 0, 0),
(236, 61, 73, 0, 0, 71, 0),
(237, 62, 50, 0, 0, 0, 0),
(238, 63, 10, 0, 0, 0, 0),
(239, 64, 205, 0, 0, 0, 0),
(240, 65, 22, 0, 0, 0, 0),
(241, 66, 65, 0, 0, 0, 0),
(242, 67, 88, 0, 0, 0, 0),
(243, 68, 38, 0, 0, 0, 0),
(244, 69, 86, 0, 0, 0, 0),
(245, 70, 138, 0, 0, 0, 0),
(246, 71, 37, 0, 0, 0, 0),
(247, 72, 10, 0, 0, 0, 0),
(248, 73, 84, 0, 0, 75, 0),
(249, 74, 21, 0, 0, 20, 0),
(250, 75, 10, 0, 0, 0, 0),
(251, 76, 10, 0, 0, 0, 0),
(252, 77, 29, 0, 0, 0, 0),
(253, 78, 100, 0, 0, 0, 0),
(254, 79, 15, 0, 0, 0, 0),
(255, 80, 45, 0, 0, 0, 0),
(256, 81, 45, 0, 0, 0, 0),
(257, 82, 45, 0, 0, 0, 0),
(258, 83, 150, 0, 0, 140, 0),
(259, 84, 400, 0, 0, 385, 0),
(260, 85, 560, 0, 0, 545, 0),
(261, 86, 360, 0, 0, 350, 0),
(262, 87, 120, 0, 0, 110, 0),
(263, 88, 160, 0, 0, 150, 0),
(264, 89, 25, 0, 0, 0, 0),
(265, 90, 20, 0, 0, 0, 0),
(266, 91, 10, 0, 0, 0, 0),
(267, 92, 40, 0, 0, 0, 0),
(268, 93, 10, 0, 0, 0, 0),
(269, 94, 39, 0, 0, 0, 0),
(270, 95, 109, 0, 0, 0, 0),
(271, 96, 45, 0, 0, 0, 0),
(272, 97, 10, 0, 0, 0, 0),
(273, 98, 32, 0, 0, 0, 0),
(274, 99, 10, 0, 0, 0, 0),
(275, 100, 20, 0, 0, 0, 0),
(276, 101, 47, 0, 0, 0, 0),
(277, 102, 47, 0, 0, 0, 0),
(278, 103, 10, 0, 0, 0, 0),
(279, 104, 10, 0, 0, 0, 0),
(280, 105, 46, 0, 0, 0, 0),
(281, 106, 12, 0, 0, 0, 0),
(282, 107, 47, 0, 0, 0, 0),
(283, 108, 30, 0, 0, 0, 0),
(284, 109, 90, 0, 0, 0, 0),
(285, 110, 10, 0, 0, 0, 0),
(286, 111, 1, 0, 0, 0, 0);

-- --------------------------------------------------------

--
-- Table structure for table `products`
--

CREATE TABLE `products` (
  `id` int NOT NULL,
  `product_name` varchar(255) NOT NULL,
  `product_category_id` int NOT NULL,
  `product_photo` varchar(255) NOT NULL,
  `product_description` text NOT NULL
) ENGINE=InnoDB DEFAULT CHARSET=utf8;

--
-- Dumping data for table `products`
--

INSERT INTO `products` (`id`, `product_name`, `product_category_id`, `product_photo`, `product_description`) VALUES
(1, 'Pears 35 g', 51, 'piyoQNSLetDRb57.png', '<p>Sales package Soap<br />Brand :- Pears<br />Model Name:-e Pure &amp; Gental Bathng Bar<br />Quantity:-&nbsp; 35 g<br />Ideal For Women<br />Color Gold<br />Type Bathing Soap<br />Skin Type All Skin Types<br />Application Area Face<br /><br /><br /></p>\r\n<p><br /><br /># grocery, young &amp; baby care, soaps &amp;&nbsp;body wash, soaps</p>\r\n<p>nickname:- soaps, soap, badywash, body wash, sabun</p>'),
(2, 'Pears 60 g', 51, 'bSMGv2KtdRmYPon.png', '<p>Sales package Soap<br />Brand Pears<br />Model Name Pure &amp; Gental Bathng Bar<br />Quantity 60 g<br />Ideal For Women<br />Color Gold<br />Type Bathing Soap<br />Skin Type All Skin Types<br />Application Area Face<br /><br /><br />Description<br /><br />Pears Pure &amp; Gentle is the original 225 years old glycerin bar that gives the gentle care of natural oils &amp; 98% pure glycerin to your skin. It is the worlds first transparent soap and advertised brand. Its undisputed credentials on mildness &amp; purity, driven by its unique shape and transparency lend the brand an equity that lasts till this date. Pears is amongst the iconic brands in India. The Pears bar with its 98% pure glycerin preserves the beauty of your skin keeping it young. Pears treats your skin gently causing lesser damage than even baby soaps. Pears, which has 30 times more moisturisers than regular beauty soaps and is proven to deposit glycerin in 10 layers of skin. It increases hydration of your skin after a single wash. Pears also offers a 100% soap free Pure &amp; Gentle hand wash, which is specially made to take care of your skin, cleansing thoroughly yet softly. It is a gentle way for you to attain clean healthy looking skin. It is skin pH balanced and contains skin conditioning agents and mild cleansers. It is hypoallergenic and non-comodogenic.</p>\r\n<p>&nbsp;</p>\r\n<p>&nbsp;</p>\r\n<p>&nbsp;</p>\r\n<p><br /><br /># grocery, young &amp; baby care, soaps &amp;&nbsp;body wash, soaps</p>\r\n<p>&nbsp;</p>\r\n<p>Nickname :- Soap , Bodywash , BodySoap , Soaps , Body Wash , Sabun&nbsp;</p>'),
(3, 'Pears 100 g (Big Size)', 51, '5hyzquMbSKAowaG.png', '<p>Sales package Soap<br />Brand Pears<br />Model Name Pure &amp; Gental Bathng Bar<br />Quantity 100 g<br />Ideal For Women<br />Color Gold<br />Type Bathing Soap<br />Skin Type All Skin Types<br />Application Area Face<br /><br /><br />Description<br /><br />Pears Pure &amp; Gentle is the original 225 years old glycerin bar that gives the gentle care of natural oils &amp; 98% pure glycerin to your skin. It is the worlds first transparent soap and advertised brand. Its undisputed credentials on mildness &amp; purity, driven by its unique shape and transparency lend the brand an equity that lasts till this date. Pears is amongst the iconic brands in India. The Pears bar with its 98% pure glycerin preserves the beauty of your skin keeping it young. Pears treats your skin gently causing lesser damage than even baby soaps. Pears, which has 30 times more moisturisers than regular beauty soaps and is proven to deposit glycerin in 10 layers of skin. It increases hydration of your skin after a single wash. Pears also offers a 100% soap free Pure &amp; Gentle hand wash, which is specially made to take care of your skin, cleansing thoroughly yet softly. It is a gentle way for you to attain clean healthy looking skin. It is skin pH balanced and contains skin conditioning agents and mild cleansers. It is hypoallergenic and non-comodogenic.</p>\r\n<p>&nbsp;</p>\r\n<p><br /><br /># grocery, young &amp; baby care, soaps &amp;&nbsp;body wash, soaps</p>\r\n<p>Nickname :- Soap , Bosywash , BodySoap , Body Wash , Soaps , Sabun&nbsp;</p>'),
(4, 'Dettol Original 42g', 51, '9R0cYHtXP5h78eg.png', '<p>Brand Dettol<br />Model Name Original<br />Quantity 42g<br />Ideal For Men &amp; Women<br /><br /><br />Description<br /><br />With a fresh fragrance, this bar of Dettol Original soap helps your skin stay moisturized while also keeping you and your family protected against illnesses this all seasons.<br /><br />100% better protection than ordinary soaps<br /><br />This bar of soap envelops your skin in a layer of Dettol protection which shields you from illnesses like colds and flus.</p>\r\n<p>&nbsp;</p>\r\n<p><br /><br /># grocery, young &amp; baby care, soaps &amp;&nbsp;body wash, soaps</p>\r\n<p>Nickname :- Soap , Bodywash , Body Wash , Soaps , Sabun , Antigerms Soap&nbsp;</p>'),
(5, 'Dettol Original  Set Pack 168 g', 51, 'V8BsuYFg0QCGzAS.png', '<p>Brand Dettol<br />Model Name Original<br />Quantity 168 g<br />Pack of 4<br />Ideal For Men &amp; Women<br /><br /><br />Description<br /><br />With a fresh fragrance, this bar of Dettol Original soap helps your skin stay moisturized while also keeping you and your family protected against illnesses this all seasons.<br /><br />100% better protection than ordinary soaps<br /><br />This bar of soap envelops your skin in a layer of Dettol protection which shields you from illnesses like colds and flus.</p>\r\n<p>&nbsp;</p>\r\n<p><br /><br /># grocery, young &amp; baby care, soaps &amp;&nbsp;body wash, soaps</p>\r\n<p>Nickname :- Soap , Bodywash , Body Wash , Soaps , Sabun , Antigerms Soap , Bodywash</p>'),
(6, 'Dettol Original  Big Set Pack 300 g', 51, 'V8BsuYFg0QCGzAS.png', '<p>Brand Dettol<br />Model Name Original<br />Quantity 300 g<br />Pack of 4<br />Ideal For Men &amp; Women<br /><br /><br />Description<br /><br />With a fresh fragrance, this bar of Dettol Original soap helps your skin stay moisturized while also keeping you and your family protected against illnesses this all seasons.<br /><br />100% better protection than ordinary soaps<br /><br />This bar of soap envelops your skin in a layer of Dettol protection which shields you from illnesses like colds and flus.</p>\r\n<p>&nbsp;</p>\r\n<p><br /><br /># grocery, young &amp; baby care, soaps &amp;&nbsp;body wash, soaps</p>\r\n<p>Nickname :- Soap , Bodywash , Body Wash , Soaps , Sabun , Antigerms Soap , BodySoap ,&nbsp; &nbsp;Saboon</p>'),
(7, 'Lifebuoy Total Soap 65g', 51, 'LYkHcdV3G4ymwlt.png', '<p>Brand : Lifebuoy <br />Quantity : 65g<br /><br />Boost the agents that give you family immunity to keep fighting germs for upto 10 hours with Lifebuoy Immunity Boosting Soap. It not only kills 99.99% germs instantly, but also boosts you immunity for upto 10 hours. This makes Lifebuoy Immunity Boosting your defense against germs. This premium in-home pack is quite looks great on your family and is an easy and convenient way to get 99.99% germ.</p>\r\n<p>&nbsp;</p>\r\n<p><br /><br /># grocery, young &amp; baby care, soaps &amp;&nbsp;body wash, soaps</p>\r\n<p>Nickname :- Soap , Bodywash , Body Wash , Soaps , Sabun , Antigerms Soap , BodySoap ,&nbsp; &nbsp;Saboon</p>'),
(8, 'Dettol Original (Big Size) 75 g', 51, '9R0cYHtXP5h78eg.png', '<p>Brand Dettol<br />Model Name Original<br />Quantity 75g<br />Ideal For Men &amp; Women<br /><br /><br />Description<br /><br />With a fresh fragrance, this bar of Dettol Original soap helps your skin stay moisturized while also keeping you and your family protected against illnesses this all seasons.<br /><br />100% better protection than ordinary soaps<br /><br />This bar of soap envelops your skin in a layer of Dettol protection which shields you from illnesses like colds and flus.</p>\r\n<p>&nbsp;</p>\r\n<p><br /><br /># grocery, young &amp; baby care, soaps &amp;&nbsp;body wash, soaps</p>\r\n<p>Nickname :- Soap , Bodywash , Body Wash , Soaps , Sabun , Antigerms Soap , BodySoap ,&nbsp; Saboon</p>'),
(9, 'Dove Cream Beauty Bathing  Bar 25 g', 51, 'kO9dF7ZSrH6yx1E.png', '<p>Brand : Dove <br />Quantity : 25 g<br />Ideal For : Women<br />Description<br /><br />Dove Cream Beauty Bar combines a gentle cleansing formula with Doves signature moisturizing cream to give you softer, smoother and more glowing skin. The mild cleansers help your skin to retain its natural moisture rather than stripping it away. This Dove bar even helps to replenish nutrients that are lost during the cleansing process where a regular soap bar might leave your skin feeling dry and tight, a Dove White Bar leaves it feeling soft and smooth. Its not a soap its a beauty barWashing with regular soap can cause skin to feel dry, tight and irritated as some cleansing ingredients strip skin of essential nutrients. What makes Dove different? Its gentle cleansers help your skin retain its natural moisture and its mild formula is kind to your skin. Dove is the No.1 Brand recommended by dermatologists in India. For best results, lather up your Dove Beauty Bar and massage the smooth, creamy lather over your face and body before rinsing thoroughly. For soft, smooth hands, you can also enjoy regular hand-washing throughout the day with your Dove bar. Soap may dry out your hands, but the classic moisturizing formula of Dove bars will leave skin softer, smoother and more glowing.</p>\r\n<p>&nbsp;</p>\r\n<p># grocery, young &amp; baby care, soaps &amp; body wash, soaps</p>\r\n<p>Nickname :- Soap , Bodywash , Body Wash , Soaps , Sabun , BodySoap ,&nbsp; &nbsp;Saboon , Beauty Soap , Moisturizing Soap</p>'),
(10, 'Dove Cream Beauty Bathing  Bar 50 g', 51, 'kO9dF7ZSrH6yx1E.png', '<p>Brand : Dove <br />Quantity : 50 g<br />Ideal For : Women<br />Description<br />Dove Cream Beauty Bar combines a gentle cleansing formula with Doves signature moisturizing cream to give you softer, smoother and more glowing skin. The mild cleansers help your skin to retain its natural moisture rather than stripping it away. This Dove bar even helps to replenish nutrients that are lost during the cleansing process where a regular soap bar might leave your skin feeling dry and tight, a Dove White Bar leaves it feeling soft and smooth. Its not a soap its a beauty barWashing with regular soap can cause skin to feel dry, tight and irritated as some cleansing ingredients strip skin of essential nutrients. What makes Dove different? Its gentle cleansers help your skin retain its natural moisture and its mild formula is kind to your skin. Dove is the No.1 Brand recommended by dermatologists in India. For best results, lather up your Dove Beauty Bar and massage the smooth, creamy lather over your face and body before rinsing thoroughly. For soft, smooth hands, you can also enjoy regular hand-washing throughout the day with your Dove bar. Soap may dry out your hands, but the classic moisturizing formula of Dove bars will leave skin softer, smoother and more glowing.</p>\r\n<p>&nbsp;</p>\r\n<p><br /><br /># grocery, young &amp; baby care, soaps &amp;&nbsp;body wash, soaps</p>\r\n<p>Nickname :- Soap , Bodywash , Body Wash , Soaps , Sabun , BodySoap ,&nbsp; &nbsp;Saboon , Beauty Soap , Moisturizing Soap</p>'),
(11, 'Dove Cream Beauty Bathing  Big Bar 100 g', 51, 'kO9dF7ZSrH6yx1E.png', '<p>Brand : Dove <br />Quantity : 100g<br />Ideal For : Women<br />Description<br />Dove Cream Beauty Bar combines a gentle cleansing formula with Doves signature moisturizing cream to give you softer, smoother and more glowing skin. The mild cleansers help your skin to retain its natural moisture rather than stripping it away. This Dove bar even helps to replenish nutrients that are lost during the cleansing process where a regular soap bar might leave your skin feeling dry and tight, a Dove White Bar leaves it feeling soft and smooth. Its not a soap its a beauty barWashing with regular soap can cause skin to feel dry, tight and irritated as some cleansing ingredients strip skin of essential nutrients. What makes Dove different? Its gentle cleansers help your skin retain its natural moisture and its mild formula is kind to your skin. Dove is the No.1 Brand recommended by dermatologists in India. For best results, lather up your Dove Beauty Bar and massage the smooth, creamy lather over your face and body before rinsing thoroughly. For soft, smooth hands, you can also enjoy regular hand-washing throughout the day with your Dove bar. Soap may dry out your hands, but the classic moisturizing formula of Dove bars will leave skin softer, smoother and more glowing.</p>\r\n<p>&nbsp;</p>\r\n<p># grocery, young &amp; baby care, soaps &amp;&nbsp;body wash, soaps</p>\r\n<p>Nickname :- Soap , Bodywash , Body Wash , Soaps , Sabun , BodySoap ,&nbsp; &nbsp;Saboon , Beauty Soap , Moisturizing Soap</p>'),
(12, 'Lux Velvet Touch 59g', 51, 'Pb2SDx7tfC9F34T.png', '<p>Brand : Lux<br />Quality : 59g<br />Ideal For : Men &amp; Women</p>\r\n<p>&nbsp;</p>\r\n<p># grocery, young &amp; baby care, soaps &amp;&nbsp;body wash, soaps</p>\r\n<p>Nickname :- Soap , Bodywash , Body Wash , Soaps , Sabun , BodySoap ,&nbsp; &nbsp;Saboon , Beauty Soap , Moisturizing Soap</p>'),
(13, 'Everest Meat Masala big pack', 52, 'wSnpj32Q9C6oqyk.png', '<p>Brand : Everest<br />Type : Meat Masala<br />Form : Powder<br />Quantity :<br />Ready masala : Yes<br />Important Note<br />Product information provided by the seller on the Website is not exhaustive, please read the label on the physical product carefully for complete information provided by the manufacturer. For additional information, please contact the manufacturer</p>\r\n<p>&nbsp;</p>\r\n<p># grocery, staples, masalas &amp; spices, ready masalas</p>\r\n<p>Nickname :- Meat masala , Meatmasala , masala , Chicken Masala , Chickenmasala , Garam Masala , Everest Masala , Murga masala , Mutton Masala , Muton Masala</p>'),
(14, 'Everest Meat Masala 50g', 52, 'QxC1FMUwbPjImyH.png', '<p>Brand : Everest<br />Type : Meat Masala<br />Form : Powder<br />Quantity : 50g<br />Ready masala : Yes<br />Important Note<br />Product information provided by the seller on the Website is not exhaustive, please read the label on the physical product carefully for complete information provided by the manufacturer. For additional information, please contact the manufacturer</p>\r\n<p>&nbsp;</p>\r\n<p># grocery, staples, masalas &amp;&nbsp;spices, ready masalas</p>\r\n<p>Nickname :- Meat masala , Meatmasala , masala , Chicken Masala , Chickenmasala , Garam Masala , Everest Masala , Murga masala , Mutton Masala , Muton Masala</p>'),
(15, 'Everest Meat Masala 100g', 52, 'gFr6thEJ4BkRYMN.png', '<p>Brand : Everest<br />Type : Meat Masala<br />Form : Powder<br />Quantity : 100g<br />Ready masala : Yes<br />Important Note<br />Product information provided by the seller on the Website is not exhaustive, please read the label on the physical product carefully for complete information provided by the manufacturer. For additional information, please contact the manufacturer</p>\r\n<p>&nbsp;</p>\r\n<p># grocery, staples, masalas &amp;&nbsp;spices, ready masalas</p>\r\n<p>Nickname :- Meat masala , Meatmasala , masala , Chicken Masala , Chickenmasala , Garam Masala , Everest Masala , Murga masala , Mutton Masala , Muton Masala</p>'),
(16, 'Everest tikhalal and lal mircha big pack', 53, 'WH34ZDqiEscJPxh.png', '<p>Brand : Everest<br />Form : Powder<br />Quantity :</p>\r\n<p>&nbsp;</p>\r\n<p># grocery, staples, masalas &amp;&nbsp;spices, powdered species</p>\r\n<p>NickName :- Mirch Powder , MirchiPowder , Mirchi Powder , Chilli Powder , Lal Mirch Powder , Lal Maricha Powder , Red Chilli Powder , Lal Mirch , Lal Mirchi</p>'),
(17, 'Everest Shahi Paneer Masala 50g', 52, 'di9bkNtpT5lQmEY.png', '<p>Brand : Everest<br />Type : Shahi Paneer masala<br />Quantity : 50g<br />Form : Powder</p>\r\n<p>&nbsp;</p>\r\n<p><br /># grocery, staples, masalas &amp;&nbsp;spices, ready masalas</p>\r\n<p>Nickname :- Paneer Masala , Panir Masala , Cheese Masala , Chicken Paneer Masala , Sahi Paneer Masala , Muter Paneer Masala , Chilli Paneer&nbsp;</p>'),
(18, 'Everest Shahi Paneer Masala 100g', 52, 'hLDT9uU7vp2YJcC.png', '<p>Brand : Everest<br />Type : Shahi Paneer masala<br />Quantity : 100g<br />Form : Powder</p>\r\n<p>&nbsp;</p>\r\n<p><br /># grocery, staples, masalas &amp;&nbsp;spices, ready masalas</p>\r\n<p>Nickname :- Paneer Masala , Panir Masala , Cheese Masala , Chicken Paneer Masala , Sahi Paneer Masala , Muter Paneer Masala , Chilli Paneer&nbsp;</p>'),
(19, 'Everest Royal Garam Masala 50g', 52, '4KdkV1xTJ8tamoA.png', '<p>Brand : Everest<br />Type : Royal Garam Masala<br />Quantity : 50g<br />Form : Powder</p>\r\n<p>&nbsp;</p>\r\n<p><br /># grocery, staples, masalas &amp;&nbsp;spices, ready masalas</p>\r\n<p>Nickname :- Chicken Masala , Garam Masala , Hot Spice , Meat Masala&nbsp;</p>'),
(20, 'Everest Royal Garam Masala 100g', 52, '1KBSyavmHqR9AIQ.png', '<p>Brand : Everest<br />Type : Royal Garam masala</p>\r\n<p>&nbsp;</p>\r\n<p>Quantity : 100g<br />Form : Powder</p>\r\n<p><br /><br /></p>\r\n<p><br /># grocery, staples, masalas &amp; spices, ready masalas</p>\r\n<p>Nickname :- Chicken Masala , Garam Masala , Hot Spice , Meat Masala&nbsp;</p>'),
(21, 'Everest Chaat Masala 50g', 52, 'CAzeq7fUFaQsSbJ.png', '<p>Brand : Everest<br />Type : Chaat Masala<br />Form : Powder<br /><br />Quantity : 50g</p>\r\n<p>&nbsp;</p>\r\n<p><br /><br /># grocery, staples, masalas &amp; spices, ready masalas</p>\r\n<p>Nickname :- Chicken Masala , Garam Masala , Hot Spice , Meat Masala , Chat Masala , Chhola Masala</p>'),
(22, 'Everest Chaat Masala 100g', 52, 'GAZzOUhDdsySc6p.png', '<p>Brand : Everest<br />Type : Chaat Masala<br />Form : Powder<br /><br />Quantity : 100g</p>\r\n<p>&nbsp;</p>\r\n<p><br /><br /># grocery, staples, masalas &amp;&nbsp;spices, ready masalas</p>\r\n<p>Nickname :- Chicken Masala , Garam Masala , Hot Spice , Meat Masala , Chat Masala , Chhola Masala</p>'),
(23, 'Everest Chicken Masala 50g', 52, 'TgNeU2bkc3ISjFp.png', '<p>Brand : Everest<br />Type : Chicken Masala<br />Form : Powder<br /><br />Quantity : 50g</p>\r\n<p>&nbsp;</p>\r\n<p><br /><br /># grocery, staples, masalas &amp;&nbsp;spices, ready masalas</p>\r\n<p>Nickname :- Meat masala , Meatmasala , masala , Chicken Masala , Chickenmasala , Garam Masala , Everest Masala , Murga masala , Mutton Masala , Muton Masala</p>'),
(24, 'Everest Chicken Masala 100g', 52, 'TgNeU2bkc3ISjFp.png', '<p>Brand : Everest<br />Type : Chicken Masala<br />Form : Powder<br /><br />Quantity : 100g</p>\r\n<p>&nbsp;</p>\r\n<p><br /><br /># grocery, staples, masalas &amp;&nbsp;spices, ready masalas</p>\r\n<p>Nickname :- Meat masala , Meatmasala , masala , Chicken Masala , Chickenmasala , Garam Masala , Everest Masala , Murga masala , Mutton Masala , Muton Masala</p>'),
(26, 'Everest Sabji Masala 50g', 52, 'rzkc4M9NshVDxj7.png', '<p>Brand : Everest<br />Type : Sabji Masala<br />Form : Powder<br /><br />Quantity : 50g</p>\r\n<p>&nbsp;</p>\r\n<p><br /><br /># grocery, staples, masalas &amp;&nbsp;spices, ready masalas</p>\r\n<p>Nick Name :- Sabji Masala , SabjiMasala , Vegetable spice , Vegetable Masala , Hara Sabji Masala , Veg Masala</p>'),
(27, 'Everest Sabji Masala 100g', 52, 'rHOLpzQ5IfCgvMU.png', '<p>Brand : Everest<br />Type : Sabji Masala<br />Form : Powder<br /><br />Quantity : 100g</p>\r\n<p>&nbsp;</p>\r\n<p>&nbsp;</p>\r\n<p>&nbsp;</p>\r\n<p><br /><br /># grocery, staples, masalas &amp; spices, ready masalas</p>\r\n<p>Nick Name :- Sabji Masala , SabjiMasala , Vegetable spice , Vegetable Masala , Hara Sabji Masala , Veg Masala</p>'),
(28, 'Everest Kitchen King Masala 50g', 52, '1GQEm7H80X95vOS.png', '<p>Brand : Everest<br />Type : Kitchen King Masala<br />Form : Powder<br /><br />Quantity : 50g</p>\r\n<p><br /><br /># grocery, staples, masalas &amp; spices, ready masalas</p>\r\n<p>Nick Name :- Sabji Masala , SabjiMasala , Vegetable spice , Vegetable Masala , Hara Sabji Masala , Veg Masala , Non Veg Masala , Chicken Masala , Paneer Masala , Mutton Masala , Meat Masala , Maggi Masala , Pasta Masala , Chaumin Masala , Chat Masala , Chhola Masala</p>'),
(29, 'Everest Kitchen King Masala 100g', 52, 'TsP7gSH1reavAVM.png', '<p>Brand : Everest<br />Type : Kitchen King Masala<br />Form : Powder<br /><br />Quantity : 100g</p>\r\n<p><br /><br /># grocery, staples, masalas &amp; spices, ready masalas</p>\r\n<p>Nick Name :- Sabji Masala , SabjiMasala , Vegetable spice , Vegetable Masala , Hara Sabji Masala , Veg Masala , Non Veg Masala , Chicken Masala , Paneer Masala , Mutton Masala , Meat Masala , Maggi Masala , Pasta Masala , Chaumin Masala , Chat Masala , Chhola Masala , All in one masala</p>'),
(30, 'Everest Cumin jira 50g', 53, 'aMQzX6TiferRD8Y.png', '<p>Brand : Everest<br />Type : Cumin ( jira )<br />Form : Powder<br /><br />Quantity : 50g</p>\r\n<p><br /><br /># grocery, staples, masalas &amp; spices, powdered species</p>\r\n<p>Nickname :- Coriender Powder , Jeera Powder , Jeera&nbsp;</p>'),
(31, 'Everest Sambhar Masala 50g', 52, 'im1r8Bo0xHh26JI.png', '<p>Brand : Everest<br />Type : Sambhar Masala<br />Form : Powder<br /><br />Quantity : 50g</p>\r\n\r\n# grocery, staples, masalas & spices, ready masalas '),
(32, 'Everest Sambhar Masala 100g', 52, 'wRIYZz0XeJrLiC2.png', '<p>Brand : Everest<br />Type : Sambhar Masala<br />Form : Powder<br /><br />Quantity : 100g</p>\r\n\r\n# grocery, staples, masalas & spices, ready masalas '),
(33, 'Everest Pav Bhaji Masala  50g', 52, 'NCQtBJVW1rm9Oed.png', '<p>Brand : Everest<br />Type : Pav Bhaji Masala<br />Form : Powder<br /><br />Quantity : 50g</p>\r\n\r\n# grocery, staples, masalas & spices, ready masalas '),
(34, 'Everest Pav Bhaji Masala  100g', 52, 't2ReX9WByYGHCIp.png', '<p>Brand : Everest<br />Type : Pav Bhaji Masala<br />Form : Powder<br /><br />Quantity : 100g</p>\r\n\r\n# grocery, staples, masalas & spices, ready masalas '),
(35, 'Everest Kashmirilal Brillant Red Chilli Powder 50g ', 53, 'qnXCl0oNsLvEjPu.png', '<p>Brand : Everest<br />Type : Kashmirilal Brillant Red Chilli <br />Form : Powder<br /><br />Quantity : 50g</p>\r\n\r\n# grocery, staples, masalas & spices, powdered species'),
(36, 'Everest Kashmirilal Brillant Red Chilli Powder 100g ', 53, 'HvmkjZrS4oOl3Rg.png', '<p>Brand : Everest<br />Type : Kashmirilal Brillant Red Chilli <br />Form : Powder<br /><br />Quantity : 100g</p>\r\n\r\n# grocery, staples, masalas & spices, powdered species'),
(37, 'Everest Garam Masala 50g', 52, 'qsd60waoAyfEiX8.png', '<p>Brand : Everest<br />Type : Garam Masala<br />Form : Powder<br /><br />Quantity : 50g</p>\r\n\r\n# grocery, staples, masalas & spices, ready masalas '),
(38, 'Everest Garam Masala 100g', 52, 'vHYFh7VasUNnR1Z.png', '<p>Brand : Everest<br />Type : Garam Masala<br />Form : Powder<br /><br />Quantity : 100g</p>\r\n\r\n# grocery, staples, masalas & spices, ready masalas '),
(39, 'Everest Shahi Biryani Masala 50g', 52, 'vHYFh7VasUNnR1Z.png', '<p>Brand : Everest<br />Type : Shahi Biryani Masala<br />Form : Powder<br /><br />Quantity : 50g</p>\r\n\r\n# grocery, staples, masalas & spices, ready masalas '),
(40, 'Everest Shahi Biryani Masala 100g', 52, 'RmfiLkQAFX5pbnj.png', '<p>Brand : Everest<br />Type : Shahi Biryani Masala<br />Form : Powder<br /><br />Quantity : 100g</p>\r\n\r\n# grocery, staples, masalas & spices, ready masalas '),
(41, 'Everest chhole Masala 50g', 52, 'v2nFhdGq7r6teW1.png', '<p>Brand : Everest<br />Type : Chhole Masala<br />Form : Powder<br /><br />Quantity : 50g</p>\r\n\r\n# grocery, staples, masalas & spices, ready masalas '),
(42, 'Everest Chhole Masala 100g', 52, 'v2nFhdGq7r6teW1.png', '<p>Brand : Everest<br />Type : Chhole Masala<br />Form : Powder<br /><br />Quantity : 100g</p>\r\n\r\n# grocery, staples, masalas & spices, ready masalas '),
(44, 'Parle 20-20 Butter Cookies', 54, 'XsT2uFyzSR6dc3n.png', '<p><br />Brand: Parle<br />Model Name : 20-20 Butter Cookies<br />Quantity : 150 g<br />Type : Cookies<br />Base Flavors : Butter<br />Organic : No<br /><br />Ingredients : Wheat Flour, Sugar, Edible Vegetable Oil, Invert Sugar Syrup, Milk Solids, Raising Agents, Iodised Salt, Butter, Emulsifier.<br /><br />Food Preference : Vegetarian<br />Container Type : Pouch<br />Maximum Shelf Life : 6 Months</p>\r\n\r\n# grocery, snacks & beverages, biscuits, cookies '),
(45, 'Balaji 100 Incense & Flexo Sticks (Agarbati)', 55, 'ur76WglIbTMnwke.png', '<p>Brand : Balaji<br />Type : Incense &amp; Flexo Sticks<br />Contents : 45 Sticks<br />Weight : 35g</p>\r\n\r\n# grocery, household care, pooja needs, agarbatti & dhoop '),
(46, 'Patanjali Dant kanti Medicated Toothpaste', 56, 'R0i4SYwVraWIsAu.png', '<p>Brand : Patanjali<br />Model Name : Dant Kanti Medicated<br />Quantity : 100 g<br />Minimum Age : 7 Years<br />Maximum Age : 90 Years<br />Ideal For : Adults<br /><br />Ingredient Type : Herbal<br />Pack of : 1<br />Maximum Shelf Life : 18 Months<br />Organic Type : Herbal</p>\r\n\r\n# grocery, young & baby care, oral care, toothpaste'),
(47, 'Denim Deluxe Dhoop Incense Sticks', 55, 'MwjyOuXGdbpi4KC.png', '<p>Brand : Pooja<br /><br />Material: Bamboo<br />Colour: Black<br />Package Contents: 1 Incense Stick Packet</p>\r\n\r\n# grocery, household care, pooja needs, agarbatti & dhoop'),
(48, 'Fortune Refined Soyabean Oil Pouch (1 L )', 57, 'Z0egEU6mBtDIubr.png', '<p>Brand : Fortune<br />Model Name : Refined<br />Type : Soyabean Oil<br />Quantity : 1 L<br />Used For : Cooking<br /><br />Processing Type : Refined<br />Maximum Shelf Life : 9 Months<br />Food Preference : Vegetarian<br />Container Type : Pouch</p>\r\n\r\n# grocery, staples, ghee & oils, soyabean oil'),
(49, 'Godrej Expert Original Powder Hair Colour', 58, 'QkV9OA5mB4SMor7.png', '<p>* Natural black hair colour<br />* 100% Grey coverage<br />* Long lasting<br />* No Ammonia</p>\r\n\r\n# grocery, young & baby care, hair care, hair colour color'),
(50, 'Godrej No 1 Lime & Aloe Vera Soap', 51, '0xUWJDG9dcAfzOu.png', '<p>Brand : Godrej No 1<br />Model Name : Lime &amp; Aloe Vera Soap<br />Quantity : 50 g<br />Pack of : 1<br />Ideal For : Men &amp; Women<br />Maximum Shelf Life : 24 Months</p>\r\n\r\n# grocery, young & baby care, soaps & body wash, soaps'),
(51, 'Godrej No 1 Lime & Aloe Vera Soap (Set pack)', 51, 'QwUJ8K92HjOYmAz.png', '<p>Brand : Godrej No 1<br />Model Name : Lime &amp; Aloe Vera Soap<br />Quantity : 200 g<br />Pack of : 4<br />Ideal For : Men &amp; Women<br />Maximum Shelf Life : 24 Months</p>\r\n\r\n# grocery, young & baby care, soaps & body wash, soaps'),
(52, 'Godrej No 1 Jasmine Milk Cream Soap ', 51, '49uCROfDiBH1bka.png', '<p>Brand : Godrej No 1<br />Model Name : Jasmine Milk Cream <br />Quantity : 50 g<br />Pack of : 1<br />Ideal For : Men &amp; Women<br />Maximum Shelf Life : 24 Months</p>\r\n\r\n# grocery, young & baby care, soaps & body wash, soaps'),
(53, 'Godrej No 1 Jasmine Milk Cream Soap ( Set Pack )', 51, 'QhnA4kKYSO8ol2x.png', '<p>Brand : Godrej No 1<br />Model Name : Jasmine Milk Cream <br />Quantity : 200 g<br />Pack of : 4<br />Ideal For : Men &amp; Women<br />Maximum Shelf Life : 24 Months</p>\r\n\r\n# grocery, young & baby care, soaps & body wash, soaps'),
(54, 'Haldiram kaju mixture', 59, 'J4m0qigfLSvYOTQ.png', '<p>Brand : Haldiram<br />Model Name : Kaju mix<br />Quantity : 200 g<br />Type : Mixture<br />Taste : Spicy<br />Organic : No<br />Added Preservatives : No<br />Food Preference : Vegetarian<br /><br />Maximum Shelf Life : 4 Months<br />Container Type : Pouch</p>\r\n\r\n# grocery, snacks & beverages, chips, namkeen & snacks, namkeen'),
(55, 'Hit Mosquito and Fly Killer Spray 400ml', 60, 'Nx3LOa8RynwflHv.png', '<p>Size : 400 ml<br />Design : Insect Killer<br />Contains : 1 unit of Kala HIT Spray (400ml)<br /><br />Description<br /><br />Instantly kills all flying insects<br />Protects from Dengue, Malaria and Chikungunya causing mosquitoes<br />Reaches even the deepest corners of your house<br />Spray regularly in all corners of your house &ndash; under the bed and sofa, behind curtains and cupboards<br />Also available in Lime Fragrance.</p>\r\n\r\n# grocery, household care, repellants & freshners, mosquito repellants'),
(56, 'Best Choice Refined Soyabean oil 1 L', 57, 'Fw3oDrmhjR7fLnV.png', '<p>Brand : Best Choice<br />Model Name : Refined<br />Type : Soyabean Oil<br />Quantity : 1 L<br />Used For : Cooking<br />Processing Type : Refined<br />Maximum Shelf Life : 9 Months<br />Food Preference : Vegetarian<br />Container Type : Bottal</p>\r\n\r\n# grocery, staples,  ghee & oils, soyabean oil'),
(57, 'Best Choice Refined Soyabean Oil 500 ml', 57, 'Fw3oDrmhjR7fLnV.png', '<p>Brand : Best Choice<br />Model Name : Refined<br />Type : Soyabean Oil<br />Quantity : 500 ml<br />Used For : Cooking<br />Processing Type : Refined<br />Maximum Shelf Life : 9 Months<br />Food Preference : Vegetarian<br />Container Type : Bottal</p>\r\n\r\n# grocery,staples,  ghee & oils, soyabean oil'),
(58, 'Himratna Ayurvedic cool hair oil', 145, 'p9tFInHXkcOmva6.png', '<p>Brand : Generic<br />Model Name : Ayurvedic Cool Oil<br />Quantity : 200 ml<br />Applied For : Quick relief in headache &amp; Control Hair Fall</p>\r\n\r\n# health care, home medicines,hair care, hair oil'),
(59, 'Good Knight Gold Flash set pack', 60, '9m2Ro1fHyeQ5szt.png', '<p><br />* INDIA&rsquo;S MOST POWERFUL LIQUID VAPOURISER powered by Gold Flash Technology.<br /><br />* Contains : 1 unit of electric plug-in machine and 3 refills of anti-mosquito liquid vapouriser (45ml each).<br /><br />* Flash mode releases visible vapours for 30 minutes every 4 hours.<br /><br />* Dual mode: Switch between Normal and Flash Mode, depending on the number of mosquitoes.<br /><br />* Goodknight Gold Flash system is completely safe to be used around children and family.<br /><br />Gold Flash machine should be used Gold Flash refill only.</p>\r\n\r\n# gorcery, household care, repellants & freshners, mosquito repellants'),
(60, 'Kartik Edible Fat 1 L', 62, 'HpNwLMOogVkCsu6.png', '<p>Brand : Kartik <br />Model Name : Pooja Ghee<br />Container Type : Bottal<br />Quantity : 1 L<br />Maximum Shelf Life : 9 Months<br />Source Type : Cow Milk<br />Organic : No</p>\r\n\r\n# grocery, household care, pooja needs, pooja ghee'),
(61, 'Top Taste Sauce 950 g', 63, 'BRF1nOSLHzGXCPE.png', '<p>Brand : Top Taste<br />Model Name : Continental Original International<br />Type : Culinary Sauce<br />Quantity : 950 g<br /><br />Ingredients<br /><br />Vegetable Pulps ( Carrot ,Beet Root ), Water, Sugar, Tomato Puree, <br />Fruit Pulps ( Pear, Apple), Iodised salt, Acidity Regulator (260),<br />Thickeners (401,415), Onion Powder, garlic Powder, Preservative (211)<br />Red Chilli Powder, Species &amp; Condiments.</p>\r\n\r\n# grocery, packed food, ketchups & spreads, ketchups '),
(62, 'Tops White Vinegar 610 ml', 64, 'uRJUxYOCP3yIl56.png', '<p>Product Quantity: 610 ml<br />Shelf Life: 12 Months<br />Ingredient Type: Vegetarian<br /><br /><br />Storage Instructions: Store in a Cool Place</p>\r\n\r\n# grocery, packed food, cooking sauces & vinegar, vinegar'),
(63, 'Lifebuoy Turmeric 59g', 51, 'J1bmDnht39RoArk.png', '<p>Brand : Lifebuoy<br />Model Name : Turmeric Soap<br />Quantity : 59 g<br />Pack of : 1<br />Organic : No<br />Ideal For : Men &amp; Women</p>\r\n\r\n# grocery, young & baby care,Soaps & body wash, soaps'),
(64, 'Amulspray Infact MIlk Food 500g', 65, 'kTNr3Ge9WZsVlbc.png', '<p>Brand : Amulspary<br />Ingrediants : Partly Skimmed Milk, Sugar, Minerals &amp; vitamin<br />Type : Powder<br />Quantity : 500 g<br />Model Name : Infant Milk Substitute ( Mother Milk )<br />Maximum Shelf Life : 6 Months<br />Organic : No<br />Container Type : Bottle</p>\r\n\r\n# grocery, dairy food, milk powder'),
(65, 'Ujala Supreme Fabric Whitener 75ml', 66, 'za5yT2mQLS9PNjW.png', '<p>Brand : Ujala<br />Model Name : Supreme<br />Quantity : 75 ml<br />Type : Liquid<br />Fragrance : NA<br />Maximum Shelf Life : 24 Months<br />Color Suitability : White Clothes</p>\r\n\r\n# grocery, household care, detergents & laundry,  fabric care'),
(66, 'Ujala Supreme Fabric Whitener 250ml', 66, '5cwOm8PNUasyhRQ.png', '<p>Brand : Ujala<br />Model Name : Supreme<br />Quantity : 250 ml<br />Type : Liquid<br />Fragrance : NA<br />Maximum Shelf Life : 24 Months<br />Color Suitability : White Clothes</p>\r\n\r\n# grocery, household care, detergents & laundry,  fabric care'),
(67, 'Dabur Amla Hair Oil 180ml', 61, 'HEJRyeLGt75pdC9.png', '<p>Brand : Dabur<br />Model Name : Amla Hair Oil<br />Quantity : 180 ml<br />Ideal For : Men &amp; Women<br />Applied For: Prevents Greying, Hair Growth, Healthy Scalp, Anti-hair Fall<br />Organic : No<br />Type : Amla<br />Maximum Shelf Life : 37 Months</p>\r\n\r\n# grocery, young & baby care, hair care, hair oil'),
(68, 'Harpic Power Plus  Liquid Toilet Cleaner 500ml', 67, 'NdSsOA0HIjkl7Ug.png', '<p>Brand : Harpic<br />Model Name : Power Plus<br />Quantity : 500 ml <br />Type : Liquid<br />Container Type : Bottle<br />Fragrance : Original<br />Maximum Shelf Life : 24 Months</p>\r\n\r\n# grocery, household care, floor & other cleansers, toilet cleansers'),
(69, 'Harpic Power Plus  Liquid Toilet Cleaner 200ml', 67, 'NdSsOA0HIjkl7Ug.png', '<p>Brand : Harpic<br />Model Name : Power Plus<br />Quantity : 200 ml <br />Type : Liquid<br />Container Type : Bottle<br />Fragrance : Original<br />Maximum Shelf Life : 24 Months</p>\r\n\r\n# grocery, household care, floor & other cleansers, toilet cleansers'),
(70, 'Saloni Kachchi Ghani Pure Mustard Oil 1L', 68, 'YNexcbfIjSHV9Gs.png', '<p>Brand : Saloni <br />Type : Kachchi Ghani Pure Mustard Oil <br />Quantity : 1 L<br />Container Type : Bottle<br /><br />Saloni Kachchi ghani mustard oil ( sarso tel ) Grade - 1.</p>\r\n\r\n# grocery, staples,  ghee & oils, mustard oil'),
(71, 'Saloni Kachchi Ghani Pure Mustard Oil 200mL', 68, '8sx71dpWrb6CqF3.png', '<p>Brand : Saloni <br />Type : Kachchi Ghani Pure Mustard Oil <br />Quantity : 200 ml<br />Container Type : Bottle<br /><br />Saloni Kachchi ghani mustard oil ( sarso tel ) Grade - 1.</p>\r\n\r\n# grocery, staples,  ghee & oils, mustard oil'),
(72, 'Margo Neem Soap Rs 10', 51, 'C6Altj81d9DnN0O.png', '<p>Brand : Margo<br />Model Name : Neem Soap<br />Quantity : 45g<br />Pack of : 1<br />Organic : No<br />Ideal For : Men &amp; Women<br />Fragrance Scent : Neem<br />Maximum Shelf Life : 24 Months</p>\r\n\r\n# grocery, young & baby care, soaps & body wash, soaps'),
(73, 'Cinthol Lime Soap 75g set pack', 51, 'JMXcSvlhdx7G5yE.png', '<p>Brand : Cinthol<br />Model Name : Lime Soap<br />Quantity : 4U * 75g= 300g<br />Pack of : 4<br />Ideal For : Men &amp; Women<br />Maximum Shelf Life : 730 Days</p>\r\n\r\n# grocery, young & baby care, soaps & body wash, soaps'),
(74, 'Cinthol Lime Soap 75g ', 51, 'gxZ92XBe47Yt5qN.png', '<p>Brand : Cinthol<br />Model Name : Lime Soap<br />Quantity : 75g<br />Pack of : 1<br />Ideal For : Men &amp; Women<br />Maximum Shelf Life : 730 Days</p>\r\n\r\n# grocery, young & baby care, soaps & body wash, soaps'),
(75, 'Rin Detergent Bar Rs 10', 69, 'cBRGnp2UOyTvu3m.png', '<p>Brand : Rin<br />Weight : 140g<br />Maximum Shelf Life : 24 Month</p>\r\n\r\n# grocery, household care, detergents & laundry, washing bars'),
(76, 'Surf Excel Detergent Bar 95g', 69, '8oHIgSFO0kU7mib.png', '<p>Brand : Surf Excel <br />Weight : 95g<br />Maximum Life : 24 Months</p>\r\n\r\n# grocery, household care, detergents & laundry, washing bars'),
(77, 'Surf Excel Detergent Big Bar', 69, '2nwWl7qM1sIQy9A.png', '<p>Brand : Surf Excel <br />Weight : 250g<br />Maximum Life : 24 Months</p>\r\n\r\n# grocery, household care, detergents & laundry, washing bars'),
(78, 'Cadbury Celebrations Assorted Chocolates', 70, '6SEiAGt4j1cvbaW.png', '<p>Brand : Cadbury<br />Model Name: Celebrations Assorted Chocolates Gift Box<br />Type : Milk Chocolate <br />Maximum Life : 9 month<br />Food Preference : Vegetarian<br /><br /><br />Description <br /><br /><br /><br />A moment of pure magic and unforgettable feeling with all your favourite chocolates inside, this gift pack is designed to be loved by everyone. ASSORTMENTS CADBURY DAIRY MILK Milk Chocolate.</p>\r\n\r\n# grocery, Packed Food, Chocolates & Sweets, chocolates'),
(79, 'Maggie Rich Tomato Ketchup 90g', 63, 'R8CeiQTJl4t9Gwf.png', '<p>Brand : Maggi<br />Model Name : Rich Tomato<br />Quantity : 90 g<br />Type : Ketchup<br />Classification &amp; Use : Topping, Accompaniment<br />Maximum Shelf Life : 12 Months<br />Organic : No<br />Food Preference : Vegetarian<br />Container Type : Pouch<br /><br /><br />Description<br /><br />A little bit of sauce on the side is always a good idea when munching on snacks. Enjoy yours with a slightly tangy twist by using this Maggi Rich Tomato Ketchup as an accompaniment for your food.<br /><br />Gives Food a Tangy Twist<br />Made from real tomato pulp, this ketchup sauce adds a delightful tangy twist to any food item, from samosas and pakodas, to curries and noodles.<br /><br />No Mess, No Fuss<br />Its impermeable glass bottle is strategically chosen so the sauce&rsquo;s authentic taste is retained. This bottle is also designed to facilitate a hygienic pour-and-serve use.</p>\r\n\r\n# grocery, packed food, ketchups & Spreads, Ketchups'),
(80, 'Nutrela Soya Chucks 200g', 71, 'BVEKhuj4alwPSNo.png', '<p>Brand : Nutrela<br />Type : Soya Chunks<br />Quantity : 200 g<br />Container Type : Box<br />Maximum Shelf Life : 12 Months<br />Organic : No</p>\r\n\r\n# grocery, staples, dals & pulses, soya chunks'),
(81, 'Nutrela Soya Mini Chucks 200g', 71, 'P6kCL18DHoFrzdJ.png', '<p>Brand : Nutrela<br />Type : Soya Mini Chunks<br />Quantity : 200 g<br />Container Type : Box<br />Maximum Shelf Life : 12 Months<br />Organic : No</p>\r\n\r\n# grocery, staples, dals & pulses, soya chunks'),
(82, 'Fortune Soya Chucks 200g', 71, 'xuWL09fB7zQVTUK.png', '<p>Brand : Fortune<br />Type : Soya Chunks<br />Quantity : 200 g<br />Container Type : Box<br />Maximum Shelf Life : 12 Months<br />Organic : No</p>\r\n\r\n# grocery, staples, dals & pulses, soya chunks'),
(83, 'Cadbury Perk Chocolate Bars 390g', 70, 'CI2xZMRkPjpYVyU.png', '<p>Brand : Cadbury<br />Model Name : Perk Chocolate<br />Type : Milk Chocolate<br />Maximum Shelf Life : 9 Months<br />Quantity : 30 units * 13 g Each<br />Gourmet : No<br />Gift Pack : No<br />Food Preference : Vegetarian</p>\r\n\r\n# grocery, packed food, Chocolates & sweets, chocolates'),
(84, 'Cudbery 5 Star Chocolate 1 kg', 70, 'ZKmc5rpP4yIaFH0.png', '<p>Brand : Cadbury<br />Model Name : 5 Star Chocolate<br />Type : Milk Chocolate<br />Maximum Shelf Life : 9 Months<br />Quantity : 40 units * 25 g (19.5 g + 5.5 g) Each <br />Gourmet : No<br />Gift Pack : No<br />Food Preference : Vegetarian</p>\r\n\r\n# grocery, packed food, Chocolates & sweets, chocolates'),
(85, 'Cadbury Dairy Milk Chocolate Bars 739.2g', 70, 'sFfVcEBQ8NUx6DM.png', '<p>Brand : Cadbury<br />Model Name : Dairy Milk Chocolate<br />Type : Milk Chocolate<br />Maximum Shelf Life : 12 Months<br />Quantity : 56 Units * 13.2 g Each<br />Gourmet : No<br />Gift Pack : No<br />Food Preference : Vegetarian</p>\r\n\r\n# grocery, packed food, Chocolates & sweets, chocolates'),
(86, 'Cadbury Dairy Milk Chocolate Bars 475.2g', 70, 'sFfVcEBQ8NUx6DM.png', '<p>Brand : Cadbury<br />Model Name : Dairy Milk Chocolate<br />Type : Milk Chocolate<br />Maximum Shelf Life : 12 Months<br />Quantity : 72 Units * 6.6 g Each<br />Gourmet : No<br />Gift Pack : No<br />Food Preference : Vegetarian</p>\r\n\r\n# grocery, packed food, Chocolates & sweets, chocolates'),
(87, 'Nestle Munch Star Bars 266.4g', 70, 'sjdUSGChTpm2clX.png', '<p>Brand : Nestle<br />Model Name : Munch Star<br />Type : Milk Chocolate<br />Maximum Shelf Life : 9 Months<br />Quantity : 24 Units * (10.1g + *1g)<br />Gourmet : No<br />Gift Pack : No<br />Food Preference : Vegetarian</p>\r\n\r\n# grocery, packed food, Chocolates & sweets, chocolates'),
(88, 'Oreo Original Vanilla Chocolatey Sandwich Biscuits 640g', 72, 'JzDbEHLQwWAg8xR.png', '<p>Brand : Oreo<br />Model Name : Original Vanilla Chocolatey Sandwich Biscuits<br />Quantity : 640 g ( 32 Packs * 20 g Each)<br />Type : Cream Sandwich<br />Base Flavors : Chocolate<br />Organic : No<br />Ingredients<br /><br />Refined Wheat Flour, Sugar, Edible Vegetable Fat, Palmolein, Invert Sugar, Cocoa Solids, Leavening Agents, Edible Salt, Emulsifier.<br /><br />Food Preference : Vegetarian<br />Container Type : Box<br />Maximum Shelf Life : 8 Months</p> \r\n\r\n# grocery, snacks & beverages, biscuits, Cream biscuits'),
(89, 'Hari Darshan Four in One Dhoop Four Fragrance ', 55, '84vqLfOxzBJCHim.png', '<p>Brand : Hari Darshan<br />Model Name : Four in One Dhoop<br />Type : Incense Sticks<br />Number of Sticks : 16 Sticks<br />Fragrance : Four Fragrance<br />Box Shape : Rectangle<br />Maximum Shelf Life : 365 Days<br />Handmade : No</p>\r\n\r\n# grocery, household care, pooja Needs, agarbatti & dhoop'),
(90, 'Horlicks Biscuits Original Taste 100g', 73, '540gz8jf96AZpdn.png', '<p>Brand : Horlicks<br />Model Name : Biscuits Original Taste<br />Quantity : 100 g<br />Type : Plain<br />Base Flavors : Plain<br />Organic : No<br />Food Preference : Vegetarian<br />Container Type : Pouch<br />Maximum Shelf Life : 12 Months</p>\r\n\r\n# grocery, snacks & beverages, biscuits, milk & glucose'),
(91, 'Good Morning Crispy Rusk 90g', 74, 'SraUi81nmACkFc9.png', '<p>Brand : Good Morning<br />Type : Crispy Rusk<br />Quantity : 90 g<br />Flavor : Plain<br />Dietary Preference : NA<br />Maximum Shelf Life : 5 Months<br />Organic : No<br />Gourmet : No<br />Container Type : Pouch<br />Added Preservatives : No<br />Is Perishable : Yes<br /><br /><br />Ingredients<br /><br />Refined Wheat FLour (Maida), Sugar, Yeast, Ghee, Refined Oil, Wheat Gluen, Improver -1100, Salt, Antioxidant-300.</p>\r\n\r\n# grocery, snacks & beverages, biscuits, wafers & Rusk'),
(92, 'Shridurga Moong Masala Papad 200g', 75, 'Q7YjGRCKu2ZJbW8.png', '<p>Brand : Shridurga <br />Model Name : Moong<br />Type : Masala Papad<br />Quantity : 200 g<br />Taste : Salty<br />Maximum Shelf Life : 7 Months<br />Flavor : Moong<br />Container Type : Pouch<br />Food Preference : Vegetarian<br />Organic : No</p>\r\n\r\n# grocery, snacks & beverages, chips, namkeen & snacks, popcorn, papad & fryums\r\n\r\n'),
(93, 'Bisk Farm Googly Biscuits 80 g', 54, 'm6akCJHlV3zEFqh.png', '<p>Type :- Cookies<br />Quantity :- 80 g<br />vegetarian<br /><br />Ingredients<br />Refined Wheat Flour, Sugar, Edible Vegetable Oil, Edible Products, Invert Syrup, Milk Solids, Emulsifier</p>\r\n\r\n# grocery, snacks & beverages, Biscuits, cookies'),
(94, 'Tata Tea Gold Pouch 100 g', 77, 'h7icjVRgtIAY1oa.png', '<p>Brand :- Tata<br />Type :- Regular Tea<br />Model Name :- Gold<br />Quantity :-100 g</p>\r\n\r\n# grocery, snacks & beverages, Tea, tea'),
(95, 'Tata Tea Gold Pouch 250 g', 77, 'h7icjVRgtIAY1oa.png', '<p>Brand :- Tata<br />Type :- Regular Tea<br />Model Name :- Gold<br />Quantity :-250 g</p> \r\n\r\n# grocery, snacks & beverages, Tea, tea'),
(96, 'Haldiram', 59, 'KTxqsFOl2aiNBAL.png', '<p>Model Name :- Nut Cracker<br />Quantity :- 200 g<br />Type :- Mixture<br />Flavor :- Nut Cracker</p>\r\n\r\n# grocery, snacks & beverages, chips, namkeen & snacks, Namkeen\r\n'),
(97, 'sunfeast Mom', 54, 'PTyltnmrHDbSo2f.png', '<p>Type :- Cookies<br />Quantity :- 50 g<br />Base Flavor :- Almond, Cashew<br />Vegetarian</p>\r\n\r\n# grocery, snacks & beverages, Biscuits, cookies\r\n'),
(98, 'Britannia Marie Gold Biscuits 300 g', 78, 'U6k0hIVGJjNFrYc.png', '<p>Type :- Marie Biscuit<br />Quantity :- 300 g<br />Base Flavor :- Plain<br />Vegetarian</p>\r\n\r\n# grocery, snacks & beverages, Biscuits, marie digestive'),
(99, 'Britannia Marie Gold Biscuits 96 g', 78, 'wPTL8sIYxU7hdK3.png', '<p>Type :- Marie Biscuit<br />Quantity :- 96 g<br />Base Flavor :- Plain<br />Vegetarian</p>\r\n<p><br /><br /># grocery, snacks &amp; beverages, Biscuits, marie digestive</p>\r\n<p>Britannia</p>'),
(100, 'Anmol Butter Bake 150 g', 54, 'a8Oh21PuskT7gxH.png', '<p>Type :- Cookies<br />Quantity : 150 g<br />Base Flavor :- Butter<br />Vegetarian</p>\r\n\r\n# grocery, snacks & beverages, Biscuits, cookies'),
(101, 'Bikaner Navratan Mixture 200 g', 59, '03TsgpHbnlZAJR6.png', '<p>Brand :- Bikaner<br />Model Name :- Navratan Mixture<br />Quantity :- 200 g<br />Type :- Mixture<br />Flavor :-Mixed Flavor<br />Taste :- Spicy</p> \r\n\r\n# grocery, snacks & beverages, chips, namkeen & snacks, Namkeen\r\n'),
(102, 'Bikaner Moong Dal 150 g', 59, 'Ui25CoKr8BquLzG.png', '<p>Brand:- Bikaner<br />Model Name :- Moong Dal<br />Quantity :- 150 g<br />Type :- Mixture<br />Flavor :- Mixed Flavor<br />Taste :- Spicy</p>\r\n\r\n# grocery, snacks & beverages, chips, namkeen & snacks, Namkeen\r\n'),
(103, 'Britannia Cake Fruity Fun 45 g', 79, 'B8ocD3LMHuPmE2T.png', '<p>Type :- Cake<br />Quantity :- 45 g<br />Flavor :- Fruity Fun<br />Organic :- No<br />Food Preference :- Non-vegetarian</p>\r\n\r\n# grocery, packed food, chocolates and sweets, cake'),
(104, 'Winkies Pineapple Cake Sliced 45 g', 79, 'sM34o1SZchqbGYi.png', '<p>Type :- Cake<br />Quantity :- 45 g<br />Flavor :- Pineapple<br />Organic :- No<br />Food Preference :- Non-vegetarian</p>\r\n\r\n# grocery, packed food, chocolates and sweets, cake'),
(105, 'Maggi Masala Instant Noodles Vegetarian 280 g', 80, '4DJFP89EVju7sOY.png', '<p>Model Name :- Masala<br />Type :- Instant Noodles<br />Quantity :- 280 g<br />Food Preference :- Vegetarian<br />Flavour :- Masala</p>\r\n\r\n# grocery, packed food, Noodles & Pasta, Noodles'),
(106, 'Maggi Masala Instant Noodles Vegetarian 70 g', 80, 'Dty9aBCYricNnhI.png', '<p>Model Name :- Masala<br />Type :- Instant Noodles<br />Quantity :- 70 g<br />Food Preference :- Vegetarian<br />Flavour :- Masala</p>\r\n\r\n# grocery, packed food, Noodles & Pasta, Noodles'),
(107, 'Bikaner Punjabi Mixture 200 g', 59, 'R2zXMqanJbLwjUO.png', '<p>Model Name :- Punjabi Mixture<br />Quantity :- 200 g<br />Type :- Mixture<br />Flavor :- Mixed Flavor<br />Taste :- Spicy</p>\r\n\r\n# grocery, snacks & beverages, chips, namkeen & snacks, namkeen'),
(108, 'Patanjali Neem Kanti Body Cleaner Soap 150 g', 51, '72rCJk6Hdw3eUhg.png', '<p>Type :- Body Cleaner<br />Quantity :- 150 g Each<br />Neem Soap</p>\r\n\r\n# grocery, young & baby care, soaps & baby care, soaps'),
(109, 'Patanjali Neem Kanti Body Cleaner Soap Set Pack 450 g', 51, 'GoU5jd86hmR3bHW.png', '<p>Type :- Body Cleaner<br />Quantity :- 150 g Each of Units <br />Pack Of :- 3*150 g<br />Neem Soap</p>\r\n\r\n# grocery, young & baby care, soaps & baby care, soaps'),
(110, 'Kisan Safety Matches Boxes', 55, 'OW17p93ZvbGIiSM.png', '<p>Contents :- 10 boxes<br />Matches :- 40 Sticks of Each Pack<br />Kishan machis </p>\r\n\r\n# grocery,household care, pooja needs, agarbatti & dhoop'),
(111, 'Kisan Safety Matches Box', 55, 'fY9gPNdLaplIo42.png', '<p>Contents :- 1 Box<br />Matches :- 40 Sticks<br />Kisan Machis</p>\r\n\r\n# grocery,household care, pooja needs, agarbatti & dhoop'),
(112, '#1 Foodie Load Pizza Small Size', 84, 'wb2dkt8hpSvnMIX.png', '<p>Size :- Small Size<br />Ingredient<br />Sliced Capsicum, Sliced Onion, Sweet Corn, Jalepino, Black Olives, Butter.</p>\r\n\r\n# food related, fast food, pizza, veg pizza'),
(113, '#1 Foodie Load Pizza Medium Size', 84, 'wb2dkt8hpSvnMIX.png', '<p>Size :- Medium Size<br />Ingredient<br />Sliced Capsicum, Sliced Onion, Sweet Corn, Jalepino, Black Olives, Butter.</p>\r\n\r\n# food related, fast food, pizza, veg pizza'),
(114, '#1 Foodie Load Pizza Large Size', 84, 'wb2dkt8hpSvnMIX.png', '<p>Size :- Large Size<br />Ingredient<br />Sliced Capsicum, Sliced Onion, Sweet Corn, Jalepino, Black Olives, Butter.</p>\r\n\r\n# food related, fast food, pizza, veg pizza'),
(115, '#1 Foodie Load Extra Cheese Pizza  Small Size', 85, 'wb2dkt8hpSvnMIX.png', '<p>Size :- Small Size<br />Ingredient<br />Sliced Capsicum, Sliced Onion, Sweet Corn, Jalepino, Black Olives, Butter With Load of Cheese.</p>\r\n\r\n# food related, fast food, pizza, veg cheese pizza'),
(116, '#1 Foodie Load Extra Cheese Pizza Medium Size', 85, 'wb2dkt8hpSvnMIX.png', '<p>Size :- Medium Size<br />Ingredient<br />Sliced Capsicum, Sliced Onion, Sweet Corn, Jalepino, Black Olives, Butter With Load of Cheese.</p>\r\n\r\n# food related, fast food, pizza, veg cheese pizza'),
(117, '#1 Foodie Load Pizza Extra Cheese Large Size', 85, 'wb2dkt8hpSvnMIX.png', '<p>Size :- Large Size<br />Ingredient<br />Sliced Capsicum, Sliced Onion, Sweet Corn, Jalepino, Black Olives, Butter With Load of Cheese.</p>\r\n\r\n# food related, fast food, pizza, veg cheese pizza'),
(118, '#1 Paneer Pizza Small Size', 84, 'KFN2lyJTr6v1swO.png', '<p>Size :- Small Size<br />Ingredient<br />Sliced Capsicum, Sliced Onion, Sweet Corn, Black Olives, Paneer, Butter.</p>\r\n\r\n# food related, fast food, pizza, veg  pizza'),
(119, '#1 Paneer Pizza Medium Size', 84, 'KFN2lyJTr6v1swO.png', '<p>Size :- Medium Size<br />Ingredient<br />Sliced Capsicum, Sliced Onion, Sweet Corn, Black Olives, Paneer, Butter.</p>\r\n\r\n# food related, fast food, pizza, veg  pizza'),
(120, '#1 Paneer Pizza Large Size', 84, 'KFN2lyJTr6v1swO.png', '<p>Size :- Large Size<br />Ingredient<br />Sliced Capsicum, Sliced Onion, Sweet Corn, Black Olives, Paneer, Butter.</p>\r\n\r\n# food related, fast food, pizza, veg  pizza'),
(121, '#1 Paneer Extra Cheese Pizza Small Size', 85, 'KFN2lyJTr6v1swO.png', '<p>Size :- Small Size<br />Ingredient<br />Sliced Capsicum, Sliced Onion, Sweet Corn, Black Olives, Paneer, Butter With Load of Cheese.</p>\r\n\r\n# food related, fast food, pizza, veg  cheese pizza'),
(122, '#1 Paneer  Extra Cheese Pizza Medium Size', 85, 'KFN2lyJTr6v1swO.png', '<p>Size :- Medium Size<br />Ingredient<br />Sliced Capsicum, Sliced Onion, Sweet Corn, Black Olives, Paneer, Butter With Load Of Cheese.</p>\r\n\r\n# food related, fast food, pizza, veg  cheese pizza'),
(123, '#1 Paneer Extra Cheese Pizza Large Size', 85, 'KFN2lyJTr6v1swO.png', '<p>Size :- Large Size<br />Ingredient<br />Sliced Capsicum, Sliced Onion, Sweet Corn, Black Olives, Paneer, Butter With Load Of Cheese.</p>\r\n\r\n# food related, fast food, pizza, veg  cheese pizza'),
(124, '#1 Veg. Sandwich', 93, '7HyWYoM6XvU0mOi.png', '<p>Ingredients<br /><br />Freshly Chapped Vegetables With Fresh Mayonaise</p>\r\n\r\n# food related, fast food, sandwich, veg sandwich'),
(125, '#1 Veg. Extra Cheese Sandwich', 94, '7HyWYoM6XvU0mOi.png', '<p>Ingredients<br /><br />Freshly Chapped Vegetables With Fresh Mayonaise<br />with load Cheese.</p>\r\n\r\n# food related, fast food, sandwich, veg cheese sandwich');
INSERT INTO `products` (`id`, `product_name`, `product_category_id`, `product_photo`, `product_description`) VALUES
(126, '#1 Chicken Sandwich', 95, '7HyWYoM6XvU0mOi.png', '<p>Ingredients<br /><br />Freshly Chapped Vegetables With Fresh Mayonaise<br />and Pieces Of Chicken.</p>\r\n\r\n# food related, fast food, sandwich, chicken sandwich'),
(127, '#1 Chicken  Extra Cheese Sandwich', 96, '7HyWYoM6XvU0mOi.png', '<p>Ingredients<br /><br />Freshly Chapped Vegetables With Fresh Mayonaise <br />and Pieces of Chicken with load of Cheese.</p>\r\n\r\n# food related, fast food, sandwich, chicken cheese sandwich'),
(128, '#1 Margharita Pizza Small Pizza', 84, 'auBKwmLfhgFRzvT.png', '<p>Size :- Small Size<br /><br />Ingredients<br />Tomato Sliced, Sweet Corn.</p>\r\n<p><br /><br /># food related, fast food, pizza, veg pizza</p>'),
(129, '#1 Margharita Pizza Medium Pizza', 84, 'auBKwmLfhgFRzvT.png', '<p>Size :- Medium Size<br />Ingredients<br /><br />Tomato Sliced, Sweet Corn.</p>\r\n<p><br /><br /># food related, fast food, pizza, veg pizza</p>'),
(130, '#1 Margharita Pizza Large Pizza', 84, 'auBKwmLfhgFRzvT.png', '<p>Size :- Large Size<br />Ingredients<br /><br />Tomato Sliced, Sweet Corn.</p>\r\n<p><br /><br /># food related, fast food, pizza, veg pizza</p>'),
(131, '#1 Margharita Extra Cheese Pizza Small Pizza', 85, 'auBKwmLfhgFRzvT.png', '<p>Size :- Small Size<br />Ingredients<br /><br />Tomato Sliced, Sweet Corn with Load of Cheese.</p>\r\n<p><br /><br /># food related, fast food, pizza, veg cheese pizza</p>'),
(132, '#1 Margharita  Extra Cheese Pizza Medium Pizza', 85, 'auBKwmLfhgFRzvT.png', '<p>Size :- Medium Size</p>\r\n<p>&nbsp;</p>\r\n<p>Ingredients<br />Tomato Sliced, Sweet Corn With Load Of Cheese.</p>\r\n<p><br /><br /># food related, fast food, pizza, veg cheese pizza</p>'),
(133, '#1 Margharita Extra Cheese Pizza Large Pizza', 85, 'auBKwmLfhgFRzvT.png', '<p>Size :- Large Size<br />Ingredients<br /><br />Tomato Sliced, Sweet Corn With load of Cheese.</p>\r\n<p><br /><br /># food related, fast food, pizza, veg cheese pizza</p>'),
(134, '   250 g', 97, 'wopaU5I9O48MPSX.png', '<p>Type :- Sweets<br />Sweets name :- Besan Ka Laddu<br />Quantity :- 250 g<br />ingredients<br />gram flour, Sugar.</p>\r\n\r\n# food related, sweets'),
(135, '   500 g', 97, 'wopaU5I9O48MPSX.png', '<p>Type :- Sweets<br />Sweets name :- Besan Ka Laddu<br />Quantity :- 500 g<br />ingredients<br />gram flour, Sugar.</p>\r\n\r\n# food related, sweets'),
(136, '   1 kg', 97, 'wopaU5I9O48MPSX.png', '<p>Type :- Sweets<br />Sweets name :- Besan Ka Laddu<br />Quantity :- 1 kg<br />ingredients<br />gram flour, Sugar.</p>\r\n\r\n# food related, sweets'),
(137, '   250 g', 97, 'hjkyFoRIzAECvfK.png', '<p>Type :- Sweets<br />Sweets name :- Jaggery ( Gur ) laddu <br />Quantity :- 250 g</p>\r\n\r\n# food related, sweets'),
(138, '   500 g', 97, 'hjkyFoRIzAECvfK.png', '<p>Type :- Sweets<br />Sweets name :- Jaggery ( Gur ) laddu <br />Quantity :- 500 g</p>\r\n\r\n# food related, sweets'),
(139, '   1 kg', 97, 'hjkyFoRIzAECvfK.png', '<p>Type :- Sweets<br />Sweets name :- Jaggery ( Gur ) laddu <br />Quantity :- 1 kg</p>\r\n\r\n# food related, sweets'),
(140, '  250 g', 97, 'VXMLsQ1Sj6n4e5d.png', '<p>Type :- Sweets<br />Sweets name :- Cream Chhena<br />Quantity :- 250 g</p>\r\n\r\n# food related, sweets'),
(141, '  500 g', 97, 'VXMLsQ1Sj6n4e5d.png', '<p>Type :- Sweets<br />Sweets name :- Cream Chhena<br />Quantity :- 500 g</p>\r\n\r\n# food related, sweets'),
(142, '  1 Kg', 97, 'VXMLsQ1Sj6n4e5d.png', '<p>Type :- Sweets<br />Sweets name :- Cream Chhena<br />Quantity :- 1 Kg</p>\r\n\r\n# food related, sweets'),
(143, '  250 g', 97, 'FgkBtmQxIDoM08E.png', '<p>Type :- Sweets<br />Sweets Name :- Sukha ( Dry ) Chhena<br />Quantity :- 250 g</p>\r\n\r\n# food related, sweets'),
(144, '  500 g', 97, 'FgkBtmQxIDoM08E.png', '<p>Type :- Sweets<br />Sweets Name :- Sukha ( Dry ) Chhena<br />Quantity :- 500 g</p>\r\n\r\n# food related, sweets'),
(145, '  1 kg', 97, 'FgkBtmQxIDoM08E.png', '<p>Type :- Sweets<br />Sweets Name:- Sukha ( dry ) Chhena <br />Quantity :- 1 Kg</p>\r\n\r\n# food related, sweets'),
(146, '  ', 97, '7GjNSRoCXHh6qL0.png', '<p>Type :- Sweets<br />Sweets Name :- Rasgulla sponj</p>\r\n\r\n# food related, sweets'),
(147, '  500 g', 97, 'tujU1H2NJSzvmE8.png', '<p>Type :- Sweets<br />Quantity :- 500g<br />Sweets\"s name:- Pantua, gulab jamun, kala jamun , rose Berries</p>\r\n\r\n# food related, sweets'),
(148, '  1 kg', 97, 'tujU1H2NJSzvmE8.png', '<p>Type :- Sweets<br />Quantity :- 1 kg<br />Sweets\"s name:- Pantua, gulab jamun, kala jamun , rose Berries</p>\r\n\r\n# food related, sweets'),
(149, '  250 g', 97, 'RzoBmOhcaYN9WZU.png', '<p>Type :- Sweets<br />Sweets\"name :- Sada Burfi, Burfi, sukha burfi<br />Quantity :- 250 g</p>\r\n<p><br /><br /># food related, sweets</p>\r\n<p>Nickname - Barfi , whiteBarfi&nbsp; , whitebarfee , white barfi , sada barfi , sadabarfi , Simple barfi , simplebarfi , Sukha barfi , milk barfi, milkbarfi&nbsp;</p>'),
(150, '  500 g', 97, 'RzoBmOhcaYN9WZU.png', '<p>Type :- Sweets<br />Sweets\"name :- Sada Burfi, Burfi, sukha burfi<br />Quantity :- 500 g</p>\r\n<p><br /><br /># food related, sweets</p>\r\n<p>Nickname - Barfi , whiteBarfi&nbsp; , whitebarfee , white barfi , sada barfi , sadabarfi , Simple barfi , simplebarfi , Sukha barfi , milk barfi, milkbarfi&nbsp;</p>'),
(151, '  1 kg', 97, 'RzoBmOhcaYN9WZU.png', '<p>Type :- Sweets<br />Sweets\"name :- Sada Burfi, Burfi, sukha burfi<br />Quantity :- 1 kg</p>\r\n<p><br /><br /># food related, sweets</p>\r\n<p>Nickname - Barfi , whiteBarfi&nbsp; , whitebarfee , white barfi , sada barfi , sadabarfi , Simple barfi , simplebarfi , Sukha barfi , milk barfi, milkbarfi&nbsp;</p>'),
(152, '  250 g', 97, 'kWeO9FqLZanYNDh.png', '<p>Type :- Sweets<br />Quantity :- 250 g<br />Sweets\"name :- Bundi laddu, buniya ka laddu, sada laddu, chinni laddu</p>\r\n<p><br /><br /># food related, sweets</p>\r\n<p>nickname - Bundi laddu, buniya ka laddu, sada laddu, chinni laddu , laddu , swadist laddu , sukha laddu&nbsp;</p>'),
(153, '  500 g', 97, 'kWeO9FqLZanYNDh.png', '<p>Type :- Sweets<br />Quantity :- 500 g<br />Sweets\"name :- Bundi laddu, buniya ka laddu, sada laddu, chinni laddu</p>\r\n<p><br /><br /># food related, sweets</p>\r\n<p>nickname - Bundi laddu, buniya ka laddu, sada laddu, chinni laddu , laddu , swadist laddu , sukha laddu&nbsp;</p>'),
(154, '  1 kg', 97, 'kWeO9FqLZanYNDh.png', '<p>Type :- Sweets<br />Quantity :- 1 kg<br />Sweets\"name :- Bundi laddu, buniya ka laddu, sada laddu, chinni laddu</p>\r\n<p><br /><br /># food related, sweets</p>\r\n<p>nickname - Bundi laddu, buniya ka laddu, sada laddu, chinni laddu , laddu , swadist laddu , sukha laddu&nbsp;</p>'),
(155, '  250 g', 97, 'wNMiZQyLHEYhJnf.png', '<p>Type :- Sweets<br />Sweets\"name :- Sada Peda, white Peda, Saped peda<br />Quantity :- 250 g</p>\r\n<p><br /><br /># food related, sweets</p>\r\n<p>nickname&nbsp; :- Sada Peda, white Peda, Saped peda , peda , mitha peda , ujala peda , ujalapeda, sukha peda , sukhapeda</p>'),
(156, '  500 g', 97, 'wNMiZQyLHEYhJnf.png', '<p>Type :- Sweets<br />Sweets\"name :- Sada Peda, white Peda, Saped peda<br />Quantity :- 500 g</p>\r\n<p><br /><br /># food related, sweets</p>\r\n<p>nickname&nbsp; :- Sada Peda, white Peda, Saped peda , peda , mitha peda , ujala peda , ujalapeda, sukha peda , sukhapeda</p>'),
(157, '  1 kg', 97, 'wNMiZQyLHEYhJnf.png', '<p>Type :- Sweets<br />Sweets\"name :- Sada Peda, white Peda, Saped peda<br />Quantity :- 1 kg</p>\r\n<p><br /><br /># food related, sweets</p>\r\n<p>nickname&nbsp; :- Sada Peda, white Peda, Saped peda , peda , mitha peda , ujala peda , ujalapeda, sukha peda , sukhapeda</p>'),
(158, '  250 g', 97, 'e2FjkWAO8dcyQRg.png', '<p>Type :- Sweets <br />Sweets\"s name :- Milk Cake, Milk burfi, <br />Quantity :- 250 g</p>\r\n<p><br /><br /># food related, sweets</p>\r\n<p>Nickname :- cake , kake , milk cake , milkcake , milk kake , sada cake , sadacake , Simplecake , simple cake , ujla cake , ujlacake , whitecake white cake</p>'),
(159, '  500 g', 97, 'e2FjkWAO8dcyQRg.png', '<p>Type :- Sweets <br />Sweets\"s name :- Milk Cake, Milk burfi, <br />Quantity :- 500 g</p>\r\n<p><br /><br /># food related, sweets</p>\r\n<p>Nickname :- cake , kake , milk cake , milkcake , milk kake , sada cake , sadacake , Simplecake , simple cake , ujla cake , ujlacake , whitecake white cake</p>'),
(160, '  1 kg', 97, 'e2FjkWAO8dcyQRg.png', '<p>Type :- Sweets <br />Sweets\"s name :- Milk Cake, Milk burfi, <br />Quantity :- 1 kg</p>\r\n<p><br /><br /># food related, sweets</p>\r\n<p>Nickname :- cake , kake , milk cake , milkcake , milk kake , sada cake , sadacake , Simplecake , simple cake , ujla cake , ujlacake , whitecake white cake</p>'),
(161, '  250 g', 97, 'hBxG1Ll0f7N3QEk.png', '<p>Type :- Sweets<br />Quantity :- 250 g <br />Sweets\"s name :- Kaju katli, kaju Burfi</p>\r\n\r\n# food related, sweets'),
(162, '  500 g', 97, 'hBxG1Ll0f7N3QEk.png', '<p>Type :- Sweets<br />Quantity :- 500 g <br />Sweets\"s name :- Kaju katli, kaju Burfi</p>\r\n\r\n# food related, sweets'),
(163, '  1 kg', 97, 'hBxG1Ll0f7N3QEk.png', '<p>Type :- Sweets<br />Quantity :- 1 kg <br />Sweets\"s name :- Kaju katli, kaju Burfi</p>\r\n\r\n# food related, sweets'),
(164, '  250 g', 97, 'yY5kx7JGAoNwqPQ.png', '<p>Type :- Sweets<br />Quantity :- 250 g<br />Sweets\"s name :- laal Peda , lal Peda, Red Peda</p>\r\n\r\n# food related, sweets'),
(165, '  500 g', 97, 'yY5kx7JGAoNwqPQ.png', '<p>Type :- Sweets<br />Quantity :- 500 g<br />Sweets\"s name :- laal Peda , lal Peda, Red Peda</p>\r\n\r\n# food related, sweets'),
(166, '  1 kg', 97, 'yY5kx7JGAoNwqPQ.png', '<p>Type :- Sweets<br />Quantity :- 1 kg<br />Sweets\"s name :- laal Peda , lal Peda, Red Peda</p>\r\n\r\n# food related, sweets'),
(167, '', 97, 'GBvlHkEdwm9CVqb.png', '<p>Type :- Sweets<br />Quantity :- piece, per piece<br />Sweets\"name :- Rasmalai, milk malai, dudh malai</p>\r\n<p>&nbsp;</p>\r\n<p>&nbsp;</p>\r\n<p>&nbsp;</p>\r\n<p>food related, sweets</p>'),
(168, '  250g', 97, '3AwBlQPV7MorGbZ.png', 'Name:- doda barfi \r\nWeight:- 250g\r\n\r\n# food related, sweets, doda barfi'),
(169, '  500g', 97, 'Kh1iQGP8WZ3Fd2J.png', 'Name:- doda barfi \r\nWeight:- 500g\r\n\r\n# food related, sweets, doda barfi'),
(170, '  1kg', 97, 'w0WZHNkTjltCDXv.png', 'Name:- doda barfi \r\nWeight:- 1kg\r\n\r\n# food related, sweets, doda barfi'),
(171, '  ', 97, 'a2KvNRkE4oY1qL9.png', 'Name:- Raj Bhog\r\nper piece\r\n\r\n# food related, sweets, raj bhog\r\n '),
(172, '  250g', 97, 'xKgt6rXPcUl8EZN.png', 'Name:- coconut laddu\r\nweight :- 250g\r\n\r\n# food related, sweets, nariyal laddu'),
(173, '  500g', 97, 'xKgt6rXPcUl8EZN.png', 'Name:- coconut laddu\r\nweight :- 500g\r\n\r\n# food related, sweets, nariyal laddu'),
(174, '  1kg', 97, 'xKgt6rXPcUl8EZN.png', 'Name:- coconut laddu\r\nweight :- 1kg\r\n\r\n# food related, sweets, nariyal laddu'),
(175, '  250g', 97, '7z3HJ9WPBDpsjuE.png', 'Name:- soan papdi\r\nweight :- 250g \r\n\r\n#  food related, sweets, soan papdi, son papri'),
(176, '  500g', 97, 'Ssrx8JEqwWPUvly.png', 'Name:- soan papdi\r\nweight :- 500g \r\n\r\n#  food related, sweets, soan papdi, son papri'),
(177, '  1 kg', 97, 'TwUzbxk834Lesmo.png', 'Name:- soan papdi\r\nweight :- 1kg \r\n\r\n#  food related, sweets, soan papdi, son papri'),
(178, '#2 Chicken Biryani ', 100, 'eudLrhfQFZYic3b.png', 'Name :- Chicken Biryani\r\nPer plate\r\n\r\n# food related, fast food, biryani, non-veg biryani, chicken biryani'),
(179, '#2 Veg Burger Grilled', 88, 'qdeb1940ysS7Ljc.png', 'Name:- Veg Burger Grilled\r\nPer Piece\r\n\r\n# food related, fast food, burger, veg burger '),
(180, '#2 Veg Burger Cheese', 89, 'eUGBPKHTZlyOmRd.png', 'Name:- Veg Burger Cheese\r\nper piece\r\n\r\n# food related, fast food , burger, cheese veg burger'),
(181, '#2 Veg Cheese Burger Achari and Tikka', 89, 'oTLaRFdszG9lKx1.png', 'Name:- Veg Cheese Burger Achari and Tikka\r\nPer Piece\r\n\r\n# food related, fast food , burger, cheese veg burger '),
(182, '#2 Chicken burger', 90, 'oDkdQRS9wgzHOpv.png', 'Name:- chicken Burger\r\nPer Piece\r\n\r\n# food related, fast food , burger, chicken burger '),
(183, '#2 Chicken Cheese burger', 91, '0SLtBAKRCEH2ZaO.png', 'Name:- Chicken cheese Burger\r\nPer Piece\r\n\r\n# food related, fast food , burger, cheese chicken burger '),
(184, '#2 Chicken Cheese burger Achari and Tikka', 91, '6mwkHrxaMK4A0GU.png', 'Name:- Chicken Cheese Burger Achari and Tikka\r\nPer Piece\r\n\r\n# food related, fast food , burger, cheese chicken burger '),
(188, '#2 Veg Twister', 105, '8giLyru1mBWKNSs.png', 'Name:- Veg Twister\r\nPer Piece\r\n\r\n# food related, fast food , twister, veg twister '),
(189, '#2 Veg Twister Achari and Tikka', 105, 'd5LZUTFcmR3aVoP.png', 'Name:- Veg Twister Achari and Tikka\r\nPer Piece\r\n\r\n# food related, fast food , twister, veg twister '),
(190, '#2 Chicken  Twister', 106, 'w6bh5mjJNulYKqd.png', 'Name:- Chicken Twister\r\nPer Piece\r\n\r\n# food related, fast food , twister, Non-Veg  twister'),
(191, '#2 Chicken Twister Achari and Tikka', 106, 'bT24Rafdx9kgPtQ.png', 'Name:- Chicken Twister Achari and Tikka\r\nPer Piece\r\n\r\n# food related, fast food , twister, Non-Veg  twister '),
(192, '#2 Crispy Chicken ', 103, 'Nn3eLcqd7pZrhfT.png', 'Name:- Crispy chiken\r\nPer Piece\r\n\r\n# food related, fast food , Crispy, Non-veg Crispy'),
(193, '#2 Crispy chicken Lollypop', 103, 'Qnv9YlFgO5L14JC.png', 'Name:- Crispy Chicken Lollypop\r\nPer 4  Piece\r\n\r\n# food related, fast food , Crispy, Non-veg Crispy'),
(194, '#2 Crispy Chicken Boneless Nuggets', 103, 'wAE3dGDOJboaIlk.png', 'Name:- Crispy Chicken Boneless Nuggets\r\nPer 8 Piece\r\n\r\n# food related, fast food , Crispy, Non-veg Crispy '),
(195, '#2 Crispy Chicken Boneless Strips', 103, 'g9OF7wS02CsHnYW.png', 'Name:- Crispy Chicken Boneless Strips\r\nPer 4 Piece\r\n\r\n# food related, fast food , Crispy, Non-veg Crispy '),
(196, '#2 Crispy Chicken Wings', 103, '3rzJuIXavPjSgBd.png', 'Name:- Crispy Chicken Wings\r\nPer 4 Piece\r\n\r\n# food related, fast food , Crispy, Non-veg Crispy\r\n'),
(197, '#2 Crispy Chicken Popcorn', 103, 'q1Ofm4ibFJ8Txjy.png', 'Name:- Crispy Chicken Popcorn\r\nPer Plate\r\n\r\n# food related, fast food , Crispy, Non-veg Crispy '),
(198, '#2 Crispy Veg Nuggets', 102, 'h0XmWfcAO9Zlvrq.png', 'Name:- Crispy Veg Nuggets\r\nper 12 piece\r\n\r\n# food related, fast food , Crispy, veg Crispy '),
(199, '#2 French Fries', 102, '0TuVoavB3f8Q1j7.png', 'Name:- Crispy French Fries\r\nPer Plate\r\n\r\n# food related, fast food , Crispy, veg Crispy'),
(200, '#2 Mojito ', 107, 'vYGjhL3T6kDxQJU.png', 'Name:- Mojito\r\nPer 1 Pack - \r\nunknown flavour-\r\n\r\n# food related, Drink '),
(201, '#2 Individual pack 5 in 1 ', 103, 'QIMf2r7JjEtN5os.png', '<p>Name:- Individual Pack 5 in 1<br />1 Grilled Burger<br />2 piece Crispy Chicken Wings<br />2 Piece Crispy Chicken Lollypop<br />1 plate French Fries<br />1 pack Mojito<br /><br /># food related, fast food , Crispy, Non-veg Crispy, Drink, Chicken Burger</p>'),
(202, '#2 Combo Pack 5 in 1 ', 103, 'QIMf2r7JjEtN5os.png', 'Name:- Combo pack 5 in 1\r\n\r\n2 Piece Grilled chicken burger\r\n2 piece crispy chicken wings\r\n2 piece crispy chicken lollypop\r\n1 Plate french fries\r\n2  Mojito\r\n\r\n# food related, fast food , Crispy, Non-veg Crispy, Drink, Chicken Burger'),
(203, 'Family Pack 7 in 1', 103, 'vCArRpynxsK6zM1.png', 'Name:- Family Pack 7 in 1 \r\n\r\n6 Piece crispy chicken Wings\r\n6 Piece Crispy chicken Lollypop\r\n4 Piece chicken boneless strips\r\n4 piece chicken boneless nuggets\r\n2 chicken twister\r\n1 plate chicken popcorn\r\n1 plate french fries\r\n\r\n# food related, fast food , Crispy, Non-veg Crispy, Drink, Chicken Burger'),
(204, '#3 Chilli babycorn pizza small', 84, 'r4Fb28oxq6EdnNm.png', 'Name:- chiili babycorn Pizza\r\nsize - small\r\n\r\n\r\n# food related, fast food, pizza, veg pizza'),
(205, '#3 Chilli babycorn pizza medium', 84, 'u82Xsmfd4i3oRVI.png', 'Name:- chiili babycorn Pizza\r\nsize - medium\r\n\r\n\r\n# food related, fast food, pizza, veg pizza'),
(206, '#3 Chilli babycorn pizza large', 84, 'k8fMhQXJe5GzDTw.png', 'Name:- chiili babycorn Pizza\r\nsize - large\r\n\r\n\r\n# food related, fast food, pizza, veg pizza'),
(207, '#3 Chilli babycorn extra cheese pizza small', 85, 'Rm3T0Fwy7Le6NQY.png', 'Name:- chiili babycorn extra cheese Pizza\r\nsize - small\r\n\r\n\r\n# food related, fast food, pizza, veg cheese pizza'),
(208, '#3 Chilli babycorn Extra Cheese pizza medium', 85, '4Cco8ZU1NfwLStx.png', 'Name:- chiili babycorn extra cheese Pizza\r\nsize - medium\r\n\r\n\r\n# food related, fast food, pizza, veg cheese pizza'),
(209, '#3 Chilli babycorn  EXtra Cheese pizza large', 85, 'PBI0XTCYjMGwldz.png', 'Name:- chiili babycorn Extra Cheese Pizza\r\nsize - large\r\n\r\n\r\n# food related, fast food, pizza, veg cheese pizza'),
(210, '#3 Veg Biryani', 99, 'gCViDYrKI1kocOq.png', 'Name:- Veg Biryani\r\nper plate\r\n\r\n# food related, biryani, veg biryani'),
(211, '#3 Egg Biryani', 100, 'DI31j8a9PGYTBFq.png', 'Name:- Egg Biryani\r\nper plate- 2 egg + rice + ingredients\r\n\r\n# food related, fast food, biryani, non-veg biryani\r\n\r\n '),
(212, '#3 chicken special Biryani', 100, 'Q0fyqR8d7OELxIe.png', 'Name:- chicken special biryani\r\nper plate- 1 egg + 2 chicken + biryani\r\n\r\n# food related, fast food, biryani, non-veg biryani'),
(213, '#3 Moton special Biryani', 100, 'x8LoiStqzlcNWCm.png', 'Name:- Moton special Biryani\r\nper plate- 2 moton + biryani\r\n\r\n# food related, fast food, biryani, non-veg biryani '),
(214, '#3 Golden Fried chicken', 108, 'jvYC5KeyIznGAHL.png', 'Name:- Golden fried chicken\r\nper plate\r\n\r\n# food related, fast food, non-veg, chicken '),
(215, '#3 Chicken 45 ', 108, 'NhwJmVv1PjLyufG.png', 'Name:- Chicken 45\r\nper 4 pcs\r\n\r\n# food related, fast  food, non-veg, chicken '),
(216, '#3 Roasted Chicken', 108, 'xI2OjA7saThwHqM.png', 'Name:- Roasted Chicken\r\nper 4 piece\r\n\r\n# food related, fast  food, non-veg, chicken '),
(217, '# chicken Lollypop Dry', 108, '1NerauXEBwOWf50.png', 'Name:- chicken Lollypop Dry\r\nper 4 Piece\r\n\r\n# food related, fast  food, non-veg, chicken '),
(218, '#3 chicken lollypop Gravy', 108, '49iP3jfXqFREc0C.png', 'Name:- Chicken lollypop Gravy\r\nper 4 PIece\r\n\r\n# food related, fast  food, non-veg, chicken '),
(219, '#3 Lemon Chicken', 108, '3cWVL2iItZ8Y1NM.png', 'Name:- Lemon chicken \r\nper plate\r\n\r\n# food related, fast  food, non-veg, chicken '),
(220, '#3 Red sauce Pasta ', 116, 'k4dmHwSLoCnP2zO.png', 'Name:- Red Sauce Pasta\r\nPer Plate\r\n\r\n# food related, fast food, pasta, veg pasta '),
(221, '#3 Veg Manchuriyan', 110, 'uNMzlRbI0i2W3pw.png', 'Name:- Veg Manchuriyan\r\nPer 8 piece\r\n\r\n# food related, fast food, manchuriyan, veg manchuriyan,'),
(222, '#3 Chicken manchuriyan', 111, '5OpANzhviIDEwox.png', 'Name:- Chicken Manchuriyan \r\nPer 8 Piece\r\n\r\n# food related, fast food, manchuriyan, Chicken manchuriyan '),
(223, '#3 veg Noodles', 113, 'h7wKNMTbogf3mLd.png', 'Name:- Veg Noodles\r\nPer plate\r\n\r\n# food related, fast food, Noodles, veg noodles '),
(224, '#3 Paneer Noodles', 113, 'wngH3NC04SbkdTJ.png', 'Name:- Paneer Noodles\r\nPer plate\r\n\r\n# food related, fast food,Noodles, Veg Noodles '),
(225, '#3 chicken Noodles', 114, 'iAwagf2kO3bFxhU.png', 'Name:- Chicken Noodles\r\nPer Plate\r\n\r\n# food related, fast food, Noodles, Non-veg noodles '),
(226, '#3 Hakka noodles', 113, 'HSE5QNxmUqk0zsj.png', 'Name:- Hakka noodles\r\nper plate\r\n\r\n# food related, fast food, noodles, veg noodles'),
(227, '#3 Singapuri Noodles', 113, 'KbmoZWB7QhiE30g.png', 'Name:- Singapuri Noodles \r\nPer Plate\r\n\r\n# food related, fast food, Noodles, veg Noodles'),
(228, '#3 Veg Tikki Burger', 88, 'GWRUHO3Jnfcpro5.png', 'Name:- Veg Tikki Burger\r\nper Piece\r\n\r\n# food related, fast food, burger, veg burger '),
(229, '#3 Paneer Burger', 88, '63SdIXqGNeEm7gf.png', 'Name:- Paneer Burger\r\nper piece\r\n\r\n# food related, fast food, burger, veg burger '),
(230, '#3 Double Tikki Burger ', 88, 'QgOe1pZsqL0ImPU.png', 'Name:- Double Tikki Burger\r\nPer piece\r\n\r\n# food related, fast food, Burger, veg burger '),
(231, '#3 chicken Burger', 90, 'Bg2Iw6R9JjbktxS.png', 'Name:- Chicken Burger\r\nPer Piece\r\n\r\n# food related, fast food, Burger, Chicken Burger '),
(232, '#3 Veg Grilled Sandwich', 93, '2rhg3WYOAd0yiz9.png', 'Name:- Veg Grilled Sandwich\r\nPer Piece\r\n\r\n# food related, fast food, sandwich, veg sandwich '),
(233, '#3 chicken Golden Delight Pizza Small', 86, 'AOsNZL6rXgzyGQq.png', 'Name:- Chicken Golden Delight Pizza \r\nSize:- Small\r\n\r\n# food related, fast food, pizza, chicken pizza '),
(234, '#3 chicken Golden Delight Pizza Medium', 86, 'jIEa0T89yRwtn5H.png', 'Name:- Chicken Golden Delight Pizza \r\nSize:- Medium\r\n\r\n# food related, fast food, pizza, chicken pizza '),
(235, '#3 chicken Golden Delight Pizza Large', 86, 'K3ZONgB0yztXhSx.png', 'Name:- Chicken Golden Delight Pizza \r\nSize:- large\r\n\r\n# food related, fast food, pizza, chicken pizza '),
(236, '#3 chicken Golden Delight Extra Cheese Pizza Small ', 87, 'dw48K1VRkecrqQS.png', 'Name:- Chicken Golden Delight Extra Cheese Pizza \r\nSize:- Small\r\n\r\n# food related, fast food, pizza, chicken  Cheese pizza '),
(237, '#3 chicken Golden Delight Ex Cheese Pizza Medium', 87, 'bTSytZV5LPWpu2E.png', 'Name:- Chicken Golden Delight Extra Cheese Pizza \r\nSize:- Medium\r\n\r\n# food related, fast food, pizza, chicken  Cheese pizza '),
(238, '#3 chicken Golden Delight Extra cheese Pizza large', 87, 'wrLYyaAICESqJ0Z.png', 'Name:- Chicken Golden Delight Extra cheese Pizza \r\nSize:- large\r\n\r\n# food related, fast food, pizza, chicken Cheese pizza '),
(239, '#1 Veg Burger', 88, 'UlGK6N7tEnuhsCW.png', 'Name:- Veg Burger\r\nPer Plate\r\n\r\n# food related, fast food, Burger, Veg Burger '),
(240, '#1 Chicken Pizza Small', 86, '0wAhkMrB9GfCcjm.png', 'Name:- Chicken Pizza \r\nsize :- Small\r\n\r\n# food related, fast food, Pizza, Chicken Pizza '),
(241, '#1 Chicken Pizza Medium', 86, 'FsuMnljIL3RSEHo.png', 'Name:- Chicken Pizza \r\nsize :- Medium\r\n\r\n# food related, fast food, Pizza, Chicken Pizza  '),
(242, '#1 Chicken Pizza Large', 86, 'jPFiZh7JCHqsw3l.png', 'Name:- Chicken Pizza \r\nsize :- Large\r\n\r\n# food related, fast food, Pizza, Chicken Pizza  '),
(243, '#1 Chicken  Extra Cheese Pizza Small', 87, '6dJ9rRH4a2UXOox.png', 'Name:- Chicken Extra Cheese Pizza \r\nsize :- Small\r\n\r\n# food related, fast food, Pizza, Chicken cheese Pizza  '),
(244, '#1 Chicken  Extra Cheese Pizza medium', 87, 'CUdox3GbYAPwisV.png', ' Name:- Chicken Extra Cheese Pizza \r\nsize :- medium\r\n\r\n# food related, fast food, Pizza, Chicken cheese Pizza  '),
(245, '#1 Chicken  Extra Cheese Pizza large', 87, 'ajOZwuQ4NyoDJcr.png', ' Name:- Chicken Extra Cheese Pizza \r\nsize :- large\r\n\r\n# food related, fast food, Pizza, Chicken cheese Pizza  '),
(246, 'Tata Salt 1 kg', 118, 'DaS5m9HpUdNWfPn.png', 'Brand:- Tata\r\nQuantity:- 1 kg\r\nType:- Iodized Salt\r\nForm Factor :- Fine Grain\r\nContainer Type :- Pouch\r\nMaximum Shelf Life :- 24 Months \r\n\r\n# Grocery, Staples, sugar,jagger & salt, salt'),
(247, 'Ghadi Detergent Powder 1kg', 119, 'SRfQKF43u25PhJE.png', 'Brand:- Ghadi\r\nModel Name:- NA\r\nQuantity:- 1 kg\r\nType:- Hand Wash Detergent \r\n\r\n# Grocery, Household care, detergents & laundry, detergents'),
(248, 'Tide Plus Jasmine and Rose Detergent Powder 1kg ', 119, 'I98GlVXgZwm4vnP.png', '<p>Brand:- Tide<br />Model Name:- Plus Jasmine and Rose<br />Quantity:- 1kg<br />Type:- Hand Wash Detergent <br /><br /># Grocery, Household Care, detegents &amp; laundry, detergents</p>'),
(249, 'Rin Bright Like New Detergent Powder 1kg ', 119, 'Vzr2YHbiZR7sG6q.png', 'Brand:- Rin\r\nModel Name:- Bright Like New\r\nQuantity:- 1 kg\r\nType:- Hand Wash Detergent\r\n\r\n# grocery, household care, detergents & laundry, detergents'),
(250, 'Patanjali Herbal Detergent Powder 1kg ', 119, 'MIl8QsOcm6yL9xp.png', 'Brand:- Patanjali\r\nModel Name:- Herbal\r\nQuantity:- 1 kg\r\nType:- Hand Wash Detergent\r\n\r\n# grocery, household care, detergents & laundry, detergents '),
(251, 'Sankh\"s black salt Powder 500g', 118, 'ZD6cXEvfo1bMKLi.png', 'Brand:- Sankh\"s\r\nModel Name:- NA\r\nQuantity:- 500 g\r\nType:- Black Salt\r\nForm Factor:- Powder\r\nContainer Type:- Tin\r\nMaximum Shelf Life:- 12 Months\r\nOrganic:- No\r\n \r\n# grocery, staples, sugar, jagger & salt, salt'),
(252, 'Apsara namkeen 200g', 59, 'nuyHwVfeN6M23SX.png', '<p>Brand:- Apsara<br />type:- Namkeen <br /><br /># grocery, snacks & beverages, chips, namkeen & snacks, namkeen</p>'),
(253, 'Aaradhya 100 4 in 1 Agarbatti', 55, 'KwhcrH2UeCdjJB9.png', 'Brand:- Aaradhya\r\nType:- 4 in 1 Agarbatti\r\n\r\n# grocery, Household care, Pooja needs, Agarbatti & Dhoop  '),
(254, 'Aaradhya Rajnigandha Agarbatti', 55, 'TDqSkx9gF37s2Oj.png', 'Brand:- Aaradhya\r\nType:- Rajnigandha Agarbatti\r\n\r\n# grocery, Household care, Pooja needs, Agarbatti & Dhoop   '),
(255, 'Aaradhya Mogra Agarbatti', 55, 'XPWumSRbfG769lt.png', '<p>Brand:- Aaradhya<br />Type:- Mogra Agarbatti<br /><br /># grocery, Household care, Pooja needs, Agarbatti & Dhoop</p>'),
(256, 'Aaradhya Mogra Agarbatti', 55, 'PhjqcmdBevMyrGf.png', 'Brand:- Aaradhya\r\nType:- Mogra Agarbatti\r\n\r\n# grocery, Household care, Pooja needs, Agarbatti & Dhoop '),
(257, 'Shree Chandanam Agarbatti', 55, 'KrjLOE1iIqDYS0u.png', 'Brand:- Shree\r\nType:- Chandanam Agarbatti\r\n\r\n# grocery, Household care, Pooja needs, Agarbatti & Dhoop '),
(258, 'Aaradhya Gulab Agarbatti', 55, 'F8NCIZEyp1Qemk7.png', 'Brand:- Aaradhya\r\nType:- Gulab Agarbatti\r\n\r\n# grocery, Household care, Pooja needs, Agarbatti & Dhoop '),
(259, 'Patanjali Aloe Vera Kanti Body Cleanser', 51, 'l14meOGnfQU03K6.png', 'Brand:- Patanjali\r\nModel Name:- Aloe Vera Kanti Body Cleanser\r\nQuantity:- 150 g\r\nPack of:- 1\r\nOrganic:- Yes\r\nIdeal For:- Men & Women\r\nFragrance Scent:- Aloe Vera\r\nMaximum Shelf Life:- 24 Months \r\n\r\n# grocery, young & baby care, soaps & body wash, soaps'),
(260, 'Patanjali Aloe Vera Kanti Body Cleanser set', 51, 'cT9vApVgi72Sbnj.png', 'Brand:- Patanjali\r\nModel Name:- Aloe Vera Kanti Body Cleanser\r\nQuantity:- 150 g\r\nPack of:- set\r\nOrganic:- Yes\r\nIdeal For:- Men & Women\r\nFragrance Scent:- Aloe Vera\r\nMaximum Shelf Life:- 24 Months\r\n\r\n# grocery, young & baby care, soaps & body wash, soaps '),
(261, 'Patanjali Haldi Chandan Kanti Body Cleanser', 51, 'b2LUoau49356gSp.png', ' Brand:- Patanjali\r\nModel Name:- Haldi chandan Kanti Body Cleanser\r\nQuantity:- 75 g\r\nPack of:- 1\r\nOrganic:- Yes\r\nIdeal For:- Men & Women\r\nFragrance Scent:- Haldi chandan\r\nMaximum Shelf Life:- 24 Months\r\n\r\n# grocery, young & baby care, soaps & body wash, soaps'),
(262, 'Patanjali Haldi Chandan Kanti Body Cleanser set', 51, 'Bsf0e1kiDGS3E4V.png', ' Brand:- Patanjali\r\nModel Name:- Haldi chandan Kanti Body Cleanser\r\nQuantity:- 75 g\r\nPack of:- set\r\nOrganic:- Yes\r\nIdeal For:- Men & Women\r\nFragrance Scent:- Haldi chandan\r\nMaximum Shelf Life:- 24 Months\r\n\r\n# grocery, young & baby care, soaps & body wash, soaps '),
(263, 'Patanjali Super Dish Wash Bar 500g', 120, 'hUmYeys6JFtD2wB.png', '<p>Brand:- Patanjali<br />Model Name:- Super Dish Wash Bar<br />Weight:- 500 g<br />Generic Name:- Dish Washing Bar<br /><br /># grocery, household care, untensil cleaners, diswash bar</p>'),
(264, 'Patanjali Super Dish Wash Bar 200g', 120, 'oXz0ZkIWfFqNvPd.png', '<p>Brand:- Patanjali<br />Model Name:- Super Dish Wash Bar<br />Weight:- 200g<br />Generic Name:- Dish Washing Bar<br /><br /># grocery, household care, untensil cleaners, diswash bar</p>'),
(265, 'Patanjali Super Dish Wash Bar 175g', 120, '2rzbGps6uOcm9ak.png', '<p>Brand:- Patanjali<br />Model Name:- Super Dish Wash Bar<br />Weight:- 175 g<br />Generic Name:- Dish Washing Bar<br /><br /># grocery, household care, untensil cleaners, diswash bar</p>'),
(266, 'Patanjali Saundarya Mysore super sandal body cleanser 75g', 51, 'pj2Ez7ZstFP1iR6.png', '<p>Brand:- Patanjali<br />Model Name:- Saundarya Mysore super sandal body cleanser<br />Quantity:- 75 g<br />Maximum Shelf Life:- 24 Months<br />Applied For:- Skin Brightening<br />Organic Type:- Ayurvedic<br />Ideal Usage:- All Day<br />Ideal For:- Men, Women</p>\r\n<p># grocery, young & baby care, soaps & Body wash, Soaps</p>'),
(267, ' Patanjali Saundarya multani-Mitti Body cleanser 75g', 51, 'wA5lFnRgqB2SjQ0.png', '<p>Brand:- Patanjali<br />Model Name:- Saundarya Mysore super sandal body cleanser<br />Quantity:- 75 g<br />Maximum Shelf Life:- 24 Months<br />Applied For:- Skin Brightening<br />Organic Type:- Ayurvedic<br />Ideal Usage:- All Day<br />Ideal For:- Men, Women</p>\r\n<p># grocery, young & baby care, soaps & Body wash, Soaps</p>'),
(268, 'Lotte Coffy Bite Classic Toffee', 70, 'zS8B2aMHjpso6OZ.png', '<p>Brand:- Lotte<br />Model Name:- Coffy Bite Classic Toffee<br />Type:- Toffee<br />Base Flavors:- Chocolate<br />Organic:- No<br />Food Preference:- Vegetarian<br />Container Type:- Box<br />Maximum Shelf Life:- 12 Months<br />nutrient Content:- NA</p>\r\n<p># grocery, packed food, chocolates & sweets, chocolates</p>'),
(269, 'Lotte Chocopie', 72, '3Z4ymncFsVXpkHv.png', '<p>Brand:- Lotte<br />Model Name:- Chocopie<br />Type:- Cream Sandwich<br />Base Flavors:- Chocolate<br />Organic:- No<br />Ingredients:- Wheat Flour, Chocolate Covering, Cocoa Solids, Milk Solids, Edible Vegetable Oil, Corn Starch, Glycerol, Iodised Salt<br />Food Preference:- Vegetarian<br />Container Type:- Box<br />Maximum Shelf Life:- 12 Months<br />nutrient Content:- NA</p>\r\n<p># grocery, snacks & beverages, biscuits, cream biscuits</p>'),
(270, 'Lotte season\"s greetings', 70, '0GYqLg9yuamHbUf.png', 'Brand:- Lotte\r\nModel Name:- Seasons\"s Greetings\r\nType:- Toffee\r\nBase Flavors:- Chocolate\r\nOrganic:- No\r\nFood Preference:- Vegetarian\r\nContainer Type:- Box\r\nMaximum Shelf Life:- 12 Months\r\nnutrient Content:- NA\r\n\r\n# grocery, packed food, chocolates & sweets, chocolates '),
(271, 'Patanjali Divya Peya', 77, 'UMT89oOtvGA1rSg.png', 'Brand:- Patanjali\r\nModel Name:-Divya Peya \r\n\r\n# Grocery, snacks & beverages, tea, tea'),
(272, 'Nutrela Soya Chunks 45g ', 71, 'hzIk7fWeM9G0L8d.png', 'Brand:- Nutrela\r\nType:- Soya Chunks\r\nQuantity:- 45 g\r\nContainer Type:- Box\r\nMaximum Shelf Life:- 12 Months\r\nOrganic:- No\r\nIngredients:- NA\r\nNutrient Content:- NA \r\n\r\n# grocery, Staples, Dals & Pulses,  soya Chunks'),
(273, 'Patanjali Atta Noodles Chatpataa Instant Noodles Vegetarian 60g', 80, 'r27jJiIdPTmb9n5.png', 'Brand:- Patanjali\r\nModel Name:- Atta Noodles Chatpataa\r\nType:- Instant Noodles\r\nQuantity:- 60g\r\nMaximum Shelf Life:- 6 Months\r\nFood Preference:- Vegetarian\r\nFlavour:- Plain\r\nIngredients:- NA\r\nNutrient Content:- NA\r\nUsage Instructions:- NA \r\n\r\n# grocery, packed food, noodles & pasta, Noodles'),
(274, 'Patanjali Doodh Biscuits  ', 73, 'M1ItYAc0NzbfqnV.png', ' Brand:- Patanjali\r\nModel Name:- Doodh Biscuits\r\nType:- Doodh Biscuit\r\nBase Flavors:- Milk\r\n\r\n# grocery, snacks & beverages, biscuits, milk & glucose'),
(275, 'Patanjali Milk Shakti Biscuits', 73, 'l4hFyocBfx9WLQe.png', 'Brand:- Patanjali\r\nModel Name:- Milk Shakti \r\nType:- Doodh Biscuit\r\nBase Flavors:- Milk\r\n\r\n# grocery, snacks & beverages, biscuits, milk & glucose '),
(276, 'Patanjali Doodh Biscuits', 73, 'nSLKgCYpjFXu6bM.png', 'Brand:- Patanjali\r\nModel Name:- Doodh Biscuits\r\nType:- Doodh Biscuit\r\nBase Flavors:- Milk\r\n\r\n# grocery, snacks & beverages, biscuits, milk & gulcose'),
(277, 'Patanjali Butter Cookies', 54, '3iFYI7XWQS6HgBV.png', 'Brand:- Patanjali\r\nModel Name:- butter cookies\r\nBase Flavors:- Milk\r\n\r\n# grocery, snacks & beverages, biscuits, Cookies '),
(278, 'Patanjali Doodh Biscuits 300g ', 73, 'v6tbSdnOemCX8Bc.png', 'Brand:- Patanjali\r\nModel Name:- Doodh Biscuits\r\nType:- Doodh Biscuit\r\nBase Flavors:- Milk\r\n\r\n# grocery, snacks & beverages, biscuits, milk & gulcose '),
(279, 'Patanjali Eye Drops 10ml', 124, 'oBRC0Oy1V9q62lH.png', 'Brand:- Patanjali\r\nModel :- Drishti Eye Drop\r\nActive Ingredients:- GINGER, ONION, HONEY, CITRUS AURANTIFOLIA (LIME)\r\nDosage Instructions:- Put 1-2 drops in both eyes twice a day., For children, mix it with Gulab jal.\r\nSuitable For:- Dry Eyes\r\nQuantity:- 10 ml\r\nDrops Type:- Organic\r\nCare Instructions:- directed by phisition\r\nType:- Over-the-counter Drugs\r\n\r\n# health care, home medicines, eye care, eye drops'),
(280, 'Patanjali Suji Elaichi  Rusk ', 74, '7iBVKEfUAXzL6Fd.png', 'Brand:- Patanjali \r\nType:- Sooji Rusk\r\nFlavor:- Plain\r\nDietary Preference:- NA\r\nOrganic:- No\r\nGourmet:- No\r\nContainer Type:- Pouch\r\nAdded Preservatives:- No\r\nIs Perishable:- Yes\r\nIngredients:- Refined Wheat Flour, Sugar, Edible Oil, Yeast, Invert Sugar Syrup, Milk Solids, Butter, Edible Common Salt, Spices,\r\nNutrient Content:- NA \r\n\r\n# grocery, snacks & beverages, biscuits, wafers & rusk'),
(281, 'Patanjali Whole Wheat Atta 5kg', 125, 'ulo4S7KVpjbQABw.png', 'Brand:- Patanjali\r\nType:- Whole-Wheat Flour\r\nQuantity:- 5 kg\r\nMaximum Shelf Life :- 4 Months\r\nIs Perishable:- No\r\nOrganic:- No\r\nUsed For:- Cooking\r\nModel Name:- Whole Wheat Atta\r\nNutrient Content:- NA\r\n\r\n# grocery, staples,  atta & flours, wheat atta '),
(282, 'Patanjali Corn Flakes Mix 250g ', 127, 'DtRVomL7AcZkKlp.png', 'Brand:- Patanjali\r\nBase Ingredient:- Corn\r\nQuantity:- 250 g\r\nType:- Flakes\r\nMaximum Shelf Life:- 9 Months\r\nOrganic:- No\r\nContainer Type:- Pouch\r\nFood Preference:- Vegetarian\r\nModel Name:-  Corn Flakes Mix\r\nSuitable For:- Kids\r\nIngredients:- NA \r\n\r\n# grocery, packed food, breakfast cereals, flakes'),
(283, 'Patanjali Kesh Kanti Hair Oil 100ml', 61, 'fILA3N9dXmRT7JQ.png', 'Brand:- Patanjali\r\nModel Name:- Kesh Kanti Hair Oil\r\nQuantity :- 100ml\r\nIdeal For:- Men & Women\r\nApplied For :- Hair Growth, Removing Lice, Split-ends, Hair Thickening, Hair Strengthening, Stress Relief, Lustre & Shine, Anti-hair Fall\r\nOrganic:- Yes\r\nType:- Aloe Vera\r\nHair Type:- All Hair Types \r\n\r\n# grocery, young & baby care, hair care, hair oil'),
(284, 'Patanjali Saundarya Aloe Vera Gel 60ml', 128, 'VrBl381tb2eiuyv.png', 'Model Name:- Saundarya Aloe Vera Gel 60ml\r\nOrganic Type:- Aloevera\r\nSkin Type:- All Skin Types\r\nApplied For:- Radiance & Glow, Pigmentation Removal, Skin Hydration, Softening & Smoothening, Oil Control, Exfoliation, Anti-aging, Deep Cleansing, Skin Polishing, Replenishing & Rejuvenation, Dead Skin Removal, Cleansing, Anti-acne & Pimples, Skin Brightening, Skin Toning\r\nParaben Free:- Yes\r\nTreatment Form:- Gel \r\n\r\n# grocery, young & baby care, soaps & body wash, face wash '),
(285, 'Patanjali Hing 10g', 129, 'bdjhLIkNUHRnFmB.png', 'Brand:- Patanjali\r\nType:- Hing\r\nForm Factor:- Whole\r\nQuantity:- 10 g\r\nContainer Type:- Plastic Bottle\r\nGourmet:- No\r\nAdded Preservatives:- No\r\nMaximum Shelf Life:- 18 Months\r\nOrganic:- No\r\nIngredients:- NA\r\nCommon Name:- Hing, Heeng, inguva, perungayam, ingu\r\nNutrient Content:- NA\r\nReady Masala:- No\r\n\r\n# grocery, staples, masalas & spices, whole spices'),
(286, 'Patanjali Cow\"s Ghee 1 l ', 130, 'dSKVq0zEXo4nFHa.png', 'Brand:- Patanjali\r\nModel Name:- Cow\"s\r\nContainer Type:- Box\r\nQuantity:- 1L\r\nMaximum Shelf Life:- 9 Months\r\nSource Type:- Cow Milk\r\nOrganic:- No\r\n\r\n# grocery, staples, ghee & oils, ghee '),
(287, 'Patanjali Cow\"s ghee 500ml', 130, 'qdD5gKVPJzOueT6.png', 'Brand:- Patanjali\r\nModel Name:- Cow\"s\r\nContainer Type:- Box\r\nQuantity:- 500ml\r\nMaximum Shelf Life:- 9 Months\r\nSource Type:- Cow Milk\r\nOrganic:- No\r\n\r\n# grocery, staples, ghee & oils, ghee  '),
(288, 'Patanjali cow\"s ghee 200ml ', 130, 'jHf8cE1rAPJMeQa.png', 'Brand:- Patanjali\r\nModel Name:- Cow\"s\r\nContainer Type:- Box\r\nQuantity:- 200ml\r\nMaximum Shelf Life:- 9 Months\r\nSource Type:- Cow Milk\r\nOrganic:- No\r\n\r\n# grocery, staples, ghee & oils, ghee '),
(289, 'Patanjali Anti-Bacterial Herbal Handwash bottle 250ml ', 131, 'jH4aJwpN6sToBtL.png', 'Brand:- Patanjali\r\nModel Name:- Anti-Bacterial Herbal Handwash\r\nContainer Type:- Pump Dispenser\r\nQuantity:- 0.25 L\r\nFragrance:- Herbal\r\nMaximum Shelf Life:- 24 Months\r\nType:- Hand Wash \r\n\r\n# grocery, young & baby care, soaps & body wash, hand wash'),
(290, 'Patanjali Anti-Bacterial Herbal Handwash Refile 200ml ', 131, 'CDlBO5zLrESWMFd.png', 'Brand:- Patanjali\r\nModel Name:- Anti-Bacterial Herbal Handwash\r\nContainer Type:- Pouch\r\nQuantity:- 0.2 L\r\nFragrance:- Herbal\r\nMaximum Shelf Life:- 24 Months\r\nType:- Hand Wash \r\n\r\n# grocery, young & baby care, soaps & body wash, hand wash '),
(291, 'Patanjali Anti-Bacterial Herbal Handwash Bottle + Refil', 131, 'QB9YrzFgAHu2a5W.png', 'Brand:- Patanjali\r\nModel Name:- Anti-Bacterial Herbal Handwash\r\nContainer Type:- pouch + Bottle\r\nQuantity:-0.25 L + 0.2 L\r\nFragrance:- Herbal\r\nMaximum Shelf Life:- 24 Months\r\nType:- Hand Wash \r\n\r\n# grocery, young & baby care, soaps & body wash, hand wash '),
(292, 'Patanjali Saundarya  100g Face Wash', 128, 'e6npv495CjTFmLx.png', '<p>Brand:- Patanjali<br />Model Name:- Saundarya Face Wash <br />Quantity:- 100 g<br />Ideal For:- Men &amp; Women<br />Face Wash Type:- Gel<br />Ingredient Type:- Ayurvedic<br />Applied For:- Blackhead Remover, Anti-acne &amp; Pimples, Skin Brightening<br />Skin Type:- All Skin Types<br />Container Type:- Tube</p>\r\n<p># grocery, young &amp; baby care, soaps &amp; body wash, face wash</p>'),
(293, 'Patanjali Anti - Wrinkle cream  50g', 134, 'LyHOSBhIJ4F3zQP.png', 'Model Name:- Anti - Wrinkle cream AO -450\r\nQuantity:- 50 g\r\nIdeal For:- Men & Women\r\nForm:-Cream\r\nApplication Area:- Face\r\nApplied For (Face):- Moisturization & Nourishment, Spot Removal, Anti-ageing\r\nApplied For (Body):- NA\r\nSkin Type:- All Skin Types \r\n\r\n# grocery, young & baby care, creams, lotions & skin care, creams'),
(294, 'Patanjali Sabji Masala 100 g', 53, '2gtOASnF0EBJ1Y7.png', 'Brand:- Patanjali\r\nType:- Sabji Masala\r\nForm Factor:- Powder\r\nQuantity:- 100 g\r\nContainer Type:- Box\r\nGourmet:- Yes\r\nAdded Preservatives:- Yes\r\nMaximum Shelf Life:- 18 Months\r\nOrganic:- No\r\nCuisine:- Indian\r\nIngredients:- NA\r\nNutrient Content:- NA\r\nReady Masala:- Yes \r\n\r\n# grocery, staples, masalas & spices, powdered spices'),
(295, 'Patanjali Giloy Juice 500ml', 136, 'rVfj0DdqCN9J2sc.png', 'Brand:- Patanjali\r\nAge range :-	It\"s for everyone\r\nItem Form:- Liquid\r\nDiet Type:- Vegetarian\r\nSpecific Uses for Product:- It\"s good for our digestive system. It also improves our immune system.\r\nIngredients:-	Giloy \r\n\r\n# grocery, snacks & beverages, juices, giloy juices'),
(296, 'Patanjali Saundarya Face Wash 60g', 128, 'W0y9AQjLwXnFdY2.png', '<p>Brand:- Patanjali<br />Model Name:- Saundarya<br />Quantity:- 60 g<br />Ideal For:- Women<br />Face Wash Type:- Gel<br />Ingredient Type:- Herbal<br />Maximum Shelf Life:- 24 Months<br />Applied For:- Deep Cleansing<br />Skin Type:- All Skin Types <br /><br /># grocery, young &amp; baby care, soaps &amp; body wash, face wash</p>'),
(297, 'Patanjali Orange Aloe Vera face wash 60g', 128, '75tXWKMyJ3C8T0S.png', 'Brand:- Patanjali\r\nModel Name:- Orange- Aloe Vera Face Wash \r\nQuantity:- 60 g\r\nIdeal For:- Men\r\nFace Wash Type:- Cream\r\nIngredient Type:- Organic\r\nApplied For:- Oil Control, Skin Brightening\r\nSkin Type:- All Skin Types\r\nContainer Type:- Tube\r\n\r\n# grocery, young & baby care, soaps & body wash, face wash'),
(298, 'Patanjali Kesh Kanti Aloe Vera Shampoo 200ml', 137, 'PDMSWmHnfFU8QIi.png', 'Applied For:- Anti-hair Fall, Split-ends, Scalp Cleansing\r\nHair Type:- All Hair Types\r\nComposition:- Aloe Vera, Gudhal Pusp, Tulsi, Brahmi, Reetha, Amla, Bhringraj, Heena, Shikakai, Haldi, Giloy, Bakuchi\r\nContainer Type:- Plastic Bottle\r\nIdeal For:- Men & Women\r\n\r\n# grocery, young & baby care, hair care, shampoo'),
(299, 'Patanjali Kesh Kanti Milk Protein Shampoo 200ml', 137, 'NGD3UiVhkwxnSfL.png', 'Applied For:- Dryness Care, Anti-hair Fall, Hair Shine\r\nHair Type:- All Hair Types\r\nComposition:- Bhringraj, Mehandi, Neem, Tulsi, Aloe Vera\r\nContainer Type:- Plastic Bottle\r\nIdeal For:- Men & Women\r\n\r\n # grocery, young & baby care, hair care, shampoo'),
(300, 'Patanjali Kesh Kanti Shikakai Shampoo 200ml ', 137, 'XnL0wI4jSQcpi67.png', 'Applied For:- Anti-hair Fall, Scalp Cleansing\r\nHair Type:- All Hair Types\r\nComposition:- Shikakai, Bhringraj, Sugarcane, Walnut\r\nContainer Type:- Plastic Bottle\r\nIdeal For:- Men & Women\r\n\r\n# grocery, young & baby care, hair care, shampoo '),
(301, 'Patanjali Kesh Kanti Anti-Dandruff Shampoo 200g ', 137, 'KZSy8Rtk3VjvO2M.png', 'Applied For:- Anti-dandruff\r\nHair Type:- All Hair Types\r\nComposition:- Rosemery oil, Neem oil, Neelgiri oil, Gudhal, MethiExtracts\r\nContainer Type:- Dispenser\r\nIdeal For:- Men & Women \r\n\r\n# grocery, young & baby care, hair care, shampoo'),
(302, 'Fortune Kachi Ghani Mustard Oil Plastic Bottle 500ml ', 68, 'oGYuBcp75IbjCZP.png', 'Brand:- Fortune\r\nModel Name:- Kachi Ghani\r\nType:- Mustard Oil\r\nQuantity:- 500ml \r\nUsed For:- Cooking\r\nProcessing Type:- Cold Pressured\r\nMaximum Shelf Life:- 12 Months\r\nFood Preference:- Vegetarian\r\nDietary Preference:- No Cholesterol\r\nContainer Type:- Plastic Bottle\r\nOrganic:- No\r\nAdded Preservatives:- No\r\nIngredients:- NA\r\nNutrient Content:- NA\r\nCommon Name:- Kachi ghani oil ( sarso tel ) \r\n\r\n# grocery, staples, ghee & oils, mustard oil'),
(303, 'Patanjali Mixed Pickle 1kg ', 138, 'mHaCtRjeZkM1Fpq.png', 'Brand:-  Patanjali\r\nType:- Pickle\r\nBase Ingredient:- Mixed\r\nQuantity:- 1kg\r\nContainer Type:- Plastic Bottle\r\nOrganic:- Yes\r\nFood Preference:- Vegetarian\r\nStorage Instructions:- Store in a cool, Dry & Hygienic place away from Moisture & Direct sunlight\r\nIngredients:- Mixed ingridents \r\n\r\n# grocery, Packed food, pickles & chutney, pickles'),
(304, 'Patanjali Special Chyawanprash 1kg', 140, 'kSEYOt4zu8fxm9M.png', 'Brand:- Patanjali\r\nModel Name:- Special Chyawanprash\r\nTreatment:- Immunity Booster\r\nFood Preference:- Vegetarian\r\nForm:- Paste\r\nMaximum Shelf Life:- 36 Months \r\n\r\n# Health care, home medicines, immunity booster, ayurvedic'),
(305, 'Patanjali Honey 250g', 141, 'fSw0Ltk8O52IYBn.png', 'Brand:- Patanjali\r\nModel Name:- Honey\r\nQuantity:- 250 g\r\nSource Type:- Honey Bee\r\nContainer Type:- Plastic Bottle\r\nMaximum Shelf Life:- 12 Months\r\nOrganic:- No\r\nIngredients:- NA\r\nNutrient Content:- NA \r\n\r\n# grocery, packed food, jams & honey, honey'),
(306, 'Bajaj ALMOND DROPS  Hair Oil 500ml ', 61, '2eaI1ixZFgnVfho.png', 'Brand:- Bajaj\r\nModel Name:- ALMOND DROPS \r\nQuantity:- 500 ml\r\nIdeal For:- Men & Women\r\nApplied For:- Anti-hair Fall, Hair Strengthening, Hair Growth\r\nOrganic:- Yes\r\nType:- Almond Oil\r\nHair Type:- All Hair Types\r\nMaximum Shelf Life:- 37 Months \r\n\r\n# grocery, young & baby care, hair care, hair oil'),
(307, 'Kissan Mixed Fruit Jam 100g ', 142, 'Zr5VMmRF9eChnDK.png', 'Brand:- Kissan\r\nModel Name:- Mixed Fruit Jam\r\nQuantity:- 100g\r\nType:- Mixed Fruit Jam\r\nContainer Type:- Plastic box\r\nMaximum Shelf Life: -12 Months\r\nOrganic:- No\r\nFood Preference:- Vegetarian\r\nStorage Instructions:- Refrigerate After Opening\r\nNutrient Content:- NA\r\nIngredients:- NA \r\n\r\n# grocery, packed food, jams & honey, jams'),
(308, 'Kissan Mixed Fruit Jam 200g ', 142, '93mWJzNXscMFarD.png', ' Brand:- Kissan\r\nModel Name:- Mixed Fruit Jam\r\nQuantity:- 200g\r\nType:- Mixed Fruit Jam\r\nContainer Type:- Jar\r\nMaximum Shelf Life: -12 Months\r\nOrganic:- No\r\nFood Preference:- Vegetarian\r\nStorage Instructions:- Refrigerate After Opening\r\nNutrient Content:- NA\r\nIngredients:- NA \r\n\r\n# grocery, packed food, jams & honey, jams'),
(309, 'Colgate Strong Teeth Toothpaste 200ml', 56, 'RPGHEL9YaOvgKhx.png', 'Brand:- Colgate\r\nModel Name:- Strong Teeth\r\nQuantity:- 200 g\r\nMinimum Age:- 4 Years\r\nMaximum Age:- 90 Years\r\nIdeal For:- Adults\r\nIngredient Type:- NA\r\nMaximum Shelf Life:- 24 Months\r\nVegetarian:- Yes\r\nCertification:- IDA Approved\r\nOrganic Type:- NA \r\n\r\n# grocery, young & baby care, oral care, toothpaste'),
(310, 'Sensodyne Fresh Gel Toothpaste 75g ', 56, 'HNFGCW9jXYcsemK.png', 'Brand:- Sensodyne\r\nModel Name:- Fresh Gel\r\nIdeal For:- Adults\r\nIngredient Type:- NA\r\nMaximum Shelf Life:- 24 Months\r\nOrganic Type:- NA \r\n\r\n# grocery, young & baby care, oral care, toothpaste'),
(311, 'Emoform-R  Toothpaste 150g ', 56, 'GVcyhI5NwC9RbWf.png', 'Brand:- Emoform-R\r\nModel Name:- Multi-action\r\nQuantity:- 150 g\r\nMinimum Age;- 21 Month\r\nMaximum Age:- 72 Month\r\nIdeal For:- Adults\r\nIngredient Type:- NA\r\n\r\n# grocery, young & baby care, oral care, toothpaste'),
(312, 'Colgate Visible white 100g', 56, 'Oc0yGxv9f3Ws1Zg.png', 'Brand:- Colgate\r\nModel Name:- Visible white 100g \r\nQuantity:- 100 g\r\nMinimum Age:- 15 Month\r\nMaximum Age:- 55 Month\r\nIdeal For:- Men & Women\r\nIngredient Type:- NA \r\n\r\n# grocery, young & baby care, oral care, toothpaste'),
(313, 'Colgate Maxfresh Spicy Fresh Red Gel Toothpaste 150g ', 56, 'e5A1CEYpNS83KyQ.png', 'Brand:- Colgate\r\nModel Name:- Maxfresh Spicy Fresh Red Gel Toothpaste, 150g (Pack of 4)\r\nQuantity:- 150 g\r\nMinimum Age:- 20 Month\r\nMaximum Age:- 30 Month\r\nIdeal For:- Adults\r\nIngredient Type:- NA\r\n\r\n# grocery, young & baby care, oral care, toothpaste '),
(314, 'Colgate Maxfresh Blue Gel Toothpaste 150g', 56, 'LxquolkJGjefiVB.png', 'Brand:- Colgate\r\nModel Name:- Maxfresh Blue Gel\r\nQuantity:- 150 g\r\nMinimum Age:- 4 Years\r\nMaximum Age:- 90 Years\r\nIdeal For:- Adults\r\nIngredient Type:- NA\r\n\r\n# grocery, young & baby care, oral care, toothpaste  '),
(315, 'Pramod Patisa Papdi 200g ', 143, 'LHwTj4uzKrV1C5y.png', 'Brand:- Pramod\r\nModel Name:- patisa papdi\r\nType:- Patisa\r\nQuantity:- 200 g\r\nMaximum Shelf Life:- 6 Months\r\nContainer Type:- Box\r\nFood Preference:- Vegetarian \r\n\r\n# grocery, Packed food, Chocolates & sweets, sweets & Mithai'),
(316, 'Pramod Soan Papdi 500g ', 143, 'wkyrNafJWGhbEHz.png', 'Brand:- Pramod\r\nModel Name:- Soan papdi\r\nType:- Patisa \r\nQuantity:- 500 g\r\nMaximum Shelf Life:- 6 Months\r\nContainer Type:- Box\r\nFood Preference:- Vegetarian \r\n\r\n# grocery, Packed food, Chocolates & sweets, sweets & Mithai'),
(317, 'Parle Platina Centre Filled Dark Choco Delight Cookies', 54, 'njzs6UVebgydwrt.png', 'Brand:- Parle Platina\r\nModel Name:- Centre Filled Dark Choco Delight Cookies \r\nType:- Cookies\r\nBase Flavors:- Chocolate\r\nOrganic:- No\r\nIngredients:- Wheat Flour, Chocolate, Edible Vegetable Oil, Sugar, Invert Sugar Syrup, Liquid Glucose, Butter, Raising Agents, Milk Solids, Cocoa Solids, Salt and Emulsifier\r\nFood Preference:- Vegetarian\r\nDietary Preference:- No Trans Fat\r\nContainer Type:- Box\r\nMaximum Shelf Life:- 8 Months\r\nnutrient Content:- NA\r\nStorage Instructions:- Room Temprature\r\nManufactured By:- Parle\r\nCountry of Origin:- India \r\n\r\n# grocery, snacks & beverages, biscuits, cookies'),
(318, 'Parle Hide & Seek Chocolate Chip Cookies', 54, 'WQeHM0EdinrcIpP.png', 'Brand:- Parle\r\nModel Name:- Hide & Seek Chocolate Chip Cookies\r\nType:- Cookies\r\nBase Flavors:- Vanilla, Chocolate Chip\r\nOrganic:- No\r\nIngredients:- Wheat Flour, Chocolate, Sugar, Edible Vegetable Oil (Palm Oil), Invert Sugar Syrup, Raising Agents, Cocoa Solids, Edible Common Salt and Emulsifier\r\nFood Preference:- Vegetarian\r\nContainer Type:- Pouch\r\nMaximum Shelf Life:- 7 Months\r\nnutrient Content:- NA \r\n\r\n# grocery, snacks & beverages, biscuits, cookies'),
(319, 'Ganpati\"s Sirdi Sachche Sai Fluxo Incense Sticks/Agarbatti', 55, 'F2IyBGJKtDMYwjh.png', 'Brand:- Ganpati\"s\r\nModel Name:-  Sirdi Sachche Sai\r\nType:-  Fluxo Incense Sticks/Agarbatti\r\nHomemade.\r\n\r\n# grocery, Household care, pooja needs, agarbatti & dhoop'),
(320, 'Lia Lavenderz joy and healing Agarbatti ', 55, 'ZIBmjfhkrlaepDo.png', 'Brand:- Lia\r\nModel Name:- Lavenderz\r\nType:- Incense Sticks\r\nFragrance:- With Joy And healing Fragrances\r\nBox Shape:- Rectangular Box \r\n\r\n# grocery, household care, pooja needs, Agarbatti & dhoop '),
(321, 'Lia Jas  With Jasmine, Fresh, Floral, Earthy Fragrances', 55, 'ctpTKyWhDuP1MQA.png', 'Brand:- Lia\r\nModel Name:- Joy \r\nType:- Incense Sticks\r\nFragrance:- With Jasmine, Fresh, Floral, Earthy  Fragrances\r\nBox Shape:- Rectangular Box \r\n\r\n# grocery, household care, pooja needs, Agarbatti & dhoop  '),
(322, 'Himalaya Purifying Neem Face Wash 100ml ', 128, 'NTRQHg2kz1xtyKc.png', 'Brand:- Himalaya\r\nModel Name:- Purifying Neem Face Wash\r\nQuantity:- 100 ml\r\nIdeal For:- Men & Women\r\nFace Wash Type:- Gel\r\nIngredient Type:- Organic\r\nMaximum Shelf Life:- 36 Months\r\nApplied For:- Anti-acne & Pimples\r\nSkin Type:- All Skin Types\r\n\r\n# grocery, young & baby care, soaps & body wash, face wash'),
(323, 'Dove Nutritive Solution Intense Repair Shampoo 80ml', 137, 'laXouD4svwHmKFQ.png', 'Applied For:- Damage Repair, Nourishment & Moisturization, Hair Shine, Straightening & Smoothening\r\nHair Type:- All Hair Types\r\nComposition:- Nutritive\r\nContainer Type:- Plastic Bottle\r\nIdeal For:- Men & Women \r\n\r\n# grocery, young & baby care, hair care, shampoo');
INSERT INTO `products` (`id`, `product_name`, `product_category_id`, `product_photo`, `product_description`) VALUES
(324, 'Wheezal JABORANDI HAIR OIL TREATMENT 110ML', 145, 'DknC7wsIAXg8tJq.png', 'Brand:- Wheezal\r\nModel Name:- JABORANDI HAIR OIL TREATMENT\r\nQuantity:- 110 ml\r\nIdeal For:- Men & Women\r\nApplied For:- Prevents Greying, Hair Growth, Lustre & Shine, Anti-hair Fall\r\nOrganic:- No\r\nType:- Herbal\r\nSulfate Free:- Yes\r\nHair Type:- All Hair Types\r\nContainer Type:- Bottle\r\nMaximum Shelf Life:- 60 Months\r\nOther Features:- Jaborandi Hair treatment is enriched with the goodness of Jaborandi, Brahmi, Arnica, Cantharis, and Wiesbaden. This composition of herbs helps to reactivate your hair follicles, nourish them and increase blood flow to your scalp, making your hair healthy & lustrous \r\n\r\n# health care, home medicines, hair care, hair oil'),
(325, 'WHEEZAL ARNICA HAIR N SCALP', 146, 'YcnM9IKrPiBUuae.png', 'Applied For:- Anti-hair Fall, Damage Repair, Nourishment & Moisturization, Split-ends, Anti-dandruff, Scalp Cleansing, Hair Volumizing\r\nHair Type:- All Hair Types\r\nComposition:- ARNICA, JABORANDI\r\nContainer Type:- Plastic Bottle\r\nIdeal For:- Men & Women \r\n\r\n# health care, home medicines, hair care, shampoo'),
(326, 'Anik Desi Ghee 200ml', 130, 'KhtDCEIBcbdGMur.png', 'Brand:- Anik\r\nModel Name:- Desi Ghee\r\nContainer Type:- Carton\r\nQuantity:- 200 mL\r\nMaximum Shelf Life:- 12 Months\r\nOrganic:- Yes\r\nAdded Preservatives:- No\r\nDietary Preference:- No Sodium \r\n\r\n# grocery,staples, ghee & oils, ghee'),
(327, 'Godrej Nupur Henna', 58, 'fotg4KnNjcD6Xhm.png', ' Ideal For:- Men & Women\r\nContainer Type:- Pouch\r\nOrganic Type:- No\r\nColor:- Brown\r\n\r\n# grocery, young & baby care, hair care, hair color, colour'),
(328, 'Vicco Turmeric Skin Cream 50g ', 148, 'Cg7i20q9yBmzhUs.png', 'Brand:- Vicco\r\nModel Name:- Turmeric Skin Cream \r\nQuantity:- 50 g\r\nApplied For:- Radiance & Glow, Skin Brightening\r\nOrganic Type:- Organic\r\nIdeal Usage:- All Day\r\nIdeal For:- Women, Men\r\nType:- Cream\r\nContainer Type:- Tubes\r\nGift Pack:- No\r\nUV Protection:- Yes \r\n\r\n# Health care, home medicines, Body & skin care, cream'),
(329, 'ROGAN SUKOON MASSAGE OIL 50ml', 149, 'EN0jMVuxpHmUe7O.png', 'Ideal For:- MAN & WOMEN\r\nQuantity:- 50 ml\r\nContainer Type:- Bottle\r\nForm:- Oil\r\nComposition:- NA\r\nApplied For:- KNEE PAIN, SWELLING, MASSAGE, BACK PAIN, JOINT PAIN\r\nFragrance:- Sesame\r\nSkin Type:- All Skin Type\r\nOrganic Type:- Ayurvedic \r\n\r\n# health care, home medicines, body & skin care, oil'),
(330, 'Clinic Plus Strong & Long Health Shampoo', 137, '9zt6vgZx0wbGsAe.png', 'Applied For:- Nourishment & Moisturization\r\nHair Type:- All Hair Types\r\nComposition:- NA\r\nContainer Type:- Plastic Bottle\r\nIdeal For:- Women \r\n\r\n# grocery, young & baby care, hair care, shampoo'),
(331, 'VICCO VAJRADANTI POWDER 50g ', 56, 'WK1GT0D65Xh3aAr.png', 'Brand\r\nVICCO\r\nModel Name:- VAJRADANTI POWDER  \r\nQuantity:- 50 g\r\nMinimum Age:- 24 Month\r\nMaximum Age:- 38 Month\r\nIdeal For:- Men & Women\r\nIngredient Type:- Ayurvedic\r\nMaximum Shelf Life:- 36 Months\r\nApplied For:- GUMS AND TEETH\r\nVegetarian:- Yes\r\nOrganic Type:- Ayurvedic \r\n\r\n# grocery, young & baby care, oral care, toothpaste'),
(332, 'Himalaya Natural Kesar Cream ', 134, 'YGsS5FnPJa3B8TM.png', 'Brand:- Himalaya\r\nModel Name:- Natural Kesar Cream\r\nMaximum Shelf Life:- 24 Months\r\nApplied For:- Radiance & Glow, Moisturization & Nourishment, Spot Removal, Skin Brightening, Blemish Removal\r\nOrganic Type:- Synthetic\r\nIdeal Usage:- All Day\r\nIdeal For:- Women\r\nType:- Cream\r\nContainer Type:- Tubes \r\n\r\n# grocery, young & baby care, creams, lotions & skin care, creams'),
(333, 'Fair & Lovely Advanced Multi Vitamin face cream ', 134, 'lrEvoFB1eCTRJcw.png', 'Brand:- Fair & Lovely\r\nModel Name:- Advanced Multi Vitamin face cream\r\nApplied For:- Skin Brightening\r\nOrganic Type :- Natural\r\nIdeal Usage:- All Day\r\nIdeal For:- Women\r\nType:- Cream\r\nContainer Type:- Tubes\r\n\r\n# grocery, young & baby care, creams, lotions & skin care, creams '),
(334, 'NEKO Daily Hygiene Soap', 150, 'G1lcIpYEPnxrR8O.png', 'Brand:- NEKO\r\nModel Name:- Daily Hygiene Soap, 24 hours Germ Protection\r\nOrganic:- Yes\r\nIdeal For:- Men & Women\r\nComposition:- Triclocarbon & Glycerin\r\nColor:- Green\r\nType:- Bathing Soap\r\nSkin Type:- All Skin Types\r\nMaximum Shelf Life:- 24 Months\r\nApplication Area:- Body \r\n\r\n# health care, home medicines, body & skin care, soap'),
(335, 'Fair & Lovely Multivitamin Glowing Skin Soap', 51, '3rxBcm6Q4oy2SiK.png', 'Brand:- Fair & Lovely\r\nModel Name:- Multivitamin Glowing Skin Soap\r\nOrganic:- No\r\nIdeal For:- Men & Women\r\nFragrance Scent:- Fruity\r\nColor:- Pink\r\nType:- Beauty Soap\r\nSkin Type:- All Skin Types\r\nMaximum Shelf Life:- 36 Months\r\nApplication Area:- Body\r\n\r\n# grocery, young & baby care, soaps & body wash, soaps'),
(336, 'Sikka Dishwash Bar', 120, '5MHasNUIvpZJQPe.png', 'Brand:- Sikka\r\nType:- Dishwash Bar\r\n\r\n# grocery, household care, utensil cleaners, dishwash bar '),
(337, 'Kesh King Ayurvedic Hair Oil', 145, 'TLG6fzsFBJxYROl.png', 'Brand:- Kesh King\r\nModel Name:- Ayurvedic Hair Oil\r\nIdeal For:- Men & Women\r\nApplied For:- Hair Strengthening\r\nOrganic:- No\r\nType:- Sesame Oil\r\nHair Type:- All Hair Types\r\nContainer Type:- Bottle\r\nMaximum Shelf Life:- 36 Months \r\n\r\n# health care, home medicines, hair care, hair oil'),
(338, 'Navratna Hair Oil 100ml', 145, '7r5pnJsglf0qMhU.png', '<p>Brand:- Navratna<br />Model Name:- Hair Oil<br />Ideal For:- Men<br />Applied For:- Stress Relief<br />Organic:- Yes<br />Type:- Herbal<br />Hair Type:- All Hair Types</p>\r\n<p># health care, home medicines, hair care , hair oil</p>'),
(339, 'Britannia Pure Cow Ghee 200ml', 130, '0PfqynvtOiSGJW2.png', 'Brand:- Britannia\r\nModel Name:- Pure Cow\r\nContainer Type:- box\r\nMaximum Shelf Life:- 12 Months\r\nSource Type:- Cow Milk\r\nOrganic:- No \r\n\r\n# grocery, staples, ghee & oils, ghee'),
(340, 'Sesa AYURVEDIC HAIR GROWTH OIL Hair Oil', 145, 'l2tysHoIFuN7xBX.png', 'Brand:- Sesa\r\nModel Name:- AYURVEDIC HAIR GROWTH OIL\r\nIdeal For:- Men & Women\r\nApplied For:- Hair Growth\r\nOrganic:- Yes\r\nType:- Bhringraj\r\nHair Type:- All Hair Types \r\n\r\n# health care, home medicines, hair care, hair oil'),
(341, 'Nima Sandal Bathing Soap', 51, 'x7815YSMCnOcJTZ.png', 'Brand:- Nima\r\nModel Name:- sandal \r\nOrganic:- No\r\nIdeal For:- Men & Women\r\nType:- Bathing Soap\r\nSkin Type:- All Skin Types\r\nMaximum Shelf Life:- 35 Months \r\n\r\n# grocery, young & baby care, soaps & body wash, soaps'),
(342, 'Nima Sandal Bathing Soap', 51, 'hoZVy3KFwDLYm7v.png', 'Brand:- Nima\r\nModel Name:- sandal \r\nOrganic:- No\r\nIdeal For:- Men & Women\r\nType:- Bathing Soap\r\nSkin Type:- All Skin Types\r\nMaximum Shelf Life:- 35 Months \r\n\r\n# grocery, young & baby care, soaps & body wash, soaps '),
(343, 'Vasmol Jasmine Hair Oil', 61, 'L518QJyclmobkTs.png', 'Brand:- Vasmol\r\nType:- Hair oil\r\nModel:- Jasmine \r\nBased:- Coconut\r\n\r\n# grocery, young & baby care, hair care, hair oil '),
(344, 'Nihar Amla oil', 61, 'yg7rzmh26Hn4Epu.png', 'Brand:- Nihar\r\nType:- Amla hair oil\r\n\r\n# grocery, young & baby care, hair care, hair oil '),
(345, 'Leezy Masala Instant Noodles Vegetarian 4 Cakes', 80, 'X3jdCBAmN97SaDG.png', 'Brand:- Leezy\r\nModel Name:- Masala\r\nType:- Instant Noodles\r\nMaximum Shelf Life:- 9 Months\r\nFood Preference:- Vegetarian\r\nFlavour:- Masala \r\n\r\n# grocery, packed food, noodles & Pasta, Noodles'),
(346, 'Ariel Perfect wash Detergents Powder', 119, 'AhsYHnIBofTUXpM.png', 'Brand:- Ariel\r\nModel Name:- Perfect wash\r\nQuantity:- \r\nType:- Hand Wash Detergent \r\n\r\n# grocery, household, detergents & laundry, detergents'),
(347, 'Tazza Tea', 77, '5x4Qq9ograX1Bmu.png', ' Model Name:- Tazza Tea\r\nQuantity:- \r\n\r\n# grocery, snacks & beverages, tea, tea'),
(348, 'Woosh Dishwash Lemon Dishwash Bar', 120, 'D41NgTfSK2d3Hav.png', 'Brand:- Woosh\r\nModel Name:- Dishwash Lemon \r\nMaximum Shelf Life:- 36 Months\r\n\r\n# grocery, household, utensil cleaners, dishwash bar'),
(349, ' Eat Ons Kitchen Essentials Aluminium Foil', 152, 'UQuVhYxC08aKkDJ.png', 'Brand:- Eat ons  Kitchen Essentials\r\nModel Number:- Aluminium Foil \r\n\r\n# grocery, household, paper & disposables, Aluminium Foils'),
(350, 'Tide Plus Extra Power Lemon & Mint Detergent Powder 500 g', 119, 'qoZmAjcO5QLM7vw.png', 'Brand:- Tide\r\nModel Name:- Plus Extra Power Lemon & Mint\r\nQuantity:- 500 g\r\nType:- Hand Wash Detergent\r\n\r\n# grocery, household, detergents & laundry, detergents'),
(351, 'Haldiram\"s Bhujia', 59, 'gS27Lnv1wpzOcqC.png', 'Brand:- Haldiram\"s\r\nModel Name:- Bhujia \r\nQuantity:- \r\nType:- Bhujia Sev\r\nFlavor:- Plain\r\nTaste:- Bitter\r\nOrganic:- No\r\nAdded Preservatives:- No\r\nFood Preference:- Vegetarian\r\nMaximum Shelf Life:- 5 Months\r\nContainer Type:- Pouch\r\nGourmet:- No\r\nRegional Speciality:- Rajastani\r\nDietary Preference:- Sugar Free\r\nNutrient Content:- NA\r\nStorage Condition:- Keep in Cool & Dry Place\r\nIngredient:- NA \r\n\r\n# grocery, snacks & beverages, chips, namkeen & snacks, namkeen'),
(352, 'Pramod Jhal Mix Mixture', 59, 'Awr94M0NLgoDi67.png', 'Brand:- Pramod \r\nModel Name:- JHAL MIX\r\nQuantity:- \r\nFlavor:- Jhal Mix\r\nTaste:- Spicy\r\nOrganic:- No\r\nAdded Preservatives:- No\r\nFood Preference:- Vegetarian\r\nMaximum Shelf Life:- 4 Months\r\nContainer Type:- Pouch\r\n\r\n# grocery, snacks & beverages, chips, namkeen & snacks, namkeen '),
(353, 'Godrej Good Knight Mosquito coil', 60, 'Bf04iIYAwydLJ3M.png', 'Brand:- Godrej\r\nModel Name:- Good Knight Mosquito coil\r\n\r\n# grocery, household Care, repellants & freshners, mosquito repellants'),
(354, 'Maxo A-Grade Mosquito coil', 60, 'jX8P2DiuIy6fs9L.png', 'Brand:- Maxo\r\nModel Name:- A-Grade Mosquito coil\r\n\r\n# grocery, household care, repellants & freshners, mosquito repellants '),
(355, 'Cycle Om Shanthi Naivedya Sambrani with Resin, Benzoin Fragrance', 55, '8oSjyQvEYkgpzZu.png', 'Brand:- Cycle\r\nModel Name:- Om Shanthi Naivedya Sambrani with\r\nType:- Incense Sticks\r\nFragrance:- Resin, Benzoin Fragrance\r\nBox Shape:- Rectangular Box\r\nHandmade:- No\r\nModel Number:- Naivedya Cup Sambrani \r\n\r\n# grocery, household care, pooja needs, agarbatti & dhoop'),
(356, 'Maxo Genius REFILL With Machine Mosquito Vaporiser ', 60, 'DhZuHMeL1GgX63Y.png', 'Brand:- Maxo\r\nModel Number:- Genius REFILL With Machine\r\n\r\n# grocery, household care, repellants & freshners, Mosquito repellants '),
(357, 'Maxo Genius REFILL Mosquito Vaporiser Refill', 60, '6JpkCu0VEmjZAOg.png', 'Brand:- Maxo\r\nModel Number:- Genius REFILL\r\n\r\n# grocery, household care, repellants & freshners, Mosquito repellants'),
(358, 'MARGO BATH SOAP set', 51, 'JeEW2SskQjANcHR.png', 'Brand:- MARGO\r\nModel Name:- BATH SOAP\r\nQuantity:- 4 get 1 free\r\nIdeal For:- Men & Women \r\n\r\n# grocery, young & baby care, soaps & body wash, soaps'),
(359, 'Red Label Tea Pouch 250g ', 77, '2sqxVPnYavrENMT.png', 'Brand:- Red Label\r\nType:- Regular Tea\r\nQuantity:- 250g \r\nTea Form:- Leaves\r\nFlavor:- Plain\r\nOrganic:- No\r\nContainer Type:- Pouch\r\nMaximum Shelf Life:- 12 Months\r\nNutrient Content:- NA\r\nCommon Name:- Brooke bond\r\nIngredients:- NA\r\nAdditives:- NA\r\n\r\n# grocery, snacks & beverages, tea, tea '),
(360, 'Fortune Biryani Special Basmati Rice Long Grain  1 kg', 153, 'RqhTJyuWIQPvjsa.png', 'Brand:- Fortune\r\nModel Name:- Biryani Special\r\nRice Type:- Basmati Rice\r\nQuantity:- 1 kg\r\nColor:- White\r\nGrain Size:- Long Grain\r\nMaximum Shelf Life:- 24 Months\r\nNutrient Content:- NA\r\nContainer Type:- Pouch \r\n\r\n# grocery, staples, rice & rice product, basmati rice'),
(361, 'Nescafe Classic Coffee Pouch 200g ', 154, 'jdlzbTQrpRmWVa5.png', 'Brand:- Nescafe\r\nModel Name:- Classic Coffee Pouch\r\nQuantity:- 200 g\r\nContainer Type:- Pouch\r\nCoffee Type:- Instant Coffee\r\nFlavor:- Unflavoured\r\nMaximum Shelf Life:- 24 Months\r\n\r\n# grocery, snacks & beverages, coffee, Instant Coffee'),
(362, 'Harpic Bathroom Cleaner Liquid Lemon 500ml ', 155, 'tNEkDUyd08XfOP9.png', 'Brand:- Harpic\r\nModel Name:- Bathroom Cleaner Liquid\r\nBrand Fragrance:- Lemon\r\nQuantity:- 500 ml\r\nSuitable For:- Bathroom\r\nForm Factor:- Liquid\r\nContainer Type:- Bottle\r\nMaximum Shelf Life:- Months 15 \r\n\r\n# grocery, household care, floor & other cleaners, floor cleaners'),
(363, 'Fortune Dubar Basmati Rice 1kg ', 153, 'MC2BGdOfvV4osru.png', 'Brand:- Kohinoor\r\nModel Name:- Dubar\r\nRice Type:- Basmati Rice\r\nQuantity:- 1 kg\r\nColor:- White\r\nGrain Size:- Medium Grain\r\nMaximum Shelf Life:- 24 Months\r\nNutrient Content:- NA\r\nContainer Type:- Pouch \r\n\r\n# grocery, staples, rice & rice product, basmati rice'),
(364, 'Nihar Natural Coconut Hair Oil', 61, 'pF7Zi0A2GoRTjt3.png', 'Brand:- Nihar\r\nModel Name:- Natural Coconut Hair Oil\r\nQuantity:- \r\nIdeal For:- Men & Women\r\nApplied For:- Hair Strengthening\r\nOrganic:- Yes\r\nType:- Coconut Oil\r\nHair Type:- All Hair Types\r\nMaximum Shelf Life:- 18 Months \r\n\r\n# grocery, young & baby care, hair care, hair oil'),
(365, 'Madhusudan Desi Ghee 1 L', 130, 'FZzh2Y95XRHJcQG.png', 'Brand:- Madhusudan\r\nModel Name:- Desi\r\nContainer Type:- Tin Box\r\nQuantity:- 1 L\r\nMaximum Shelf Life:- 9 Months\r\nSource Type:- Cow Milk\r\nOrganic:- No \r\n\r\n# grocery, staples,  ghee & oils, ghee'),
(366, 'Dabur Anmol Gold Pure Coconut Hair Oil', 61, 'FOkMIH2mQ7AoxPD.png', 'Brand:- Dabur\r\nModel Name:- Anmol Gold Pure Coconut\r\nQuantity:-  ml\r\nIdeal For:- Women\r\nApplied For:- Hair Growth\r\nOrganic:- No\r\nType:- Coconut Oil\r\nHair Type:- All Hair Types\r\nMaximum Shelf Life:- 18 Months \r\n\r\n# grocery, young & baby care, hair care, hair oil'),
(367, 'Anik Desi Ghee 500 ml Tin', 130, 'taeJ0YKNvC5rMTB.png', 'Brand:- Anik\r\nModel Name:- Desi Ghee\r\nContainer Type:- Tin\r\nQuantity: -500 ml\r\nMaximum Shelf Life:- 12 Months\r\nOrganic:- No \r\n\r\n# grocery, staples, ghee & oils, ghee'),
(368, 'Anik Desi Ghee 1L Tin', 130, '9sgmGWcO1XPqh30.png', 'Brand:- Anik\r\nModel Name:- Desi Ghee\r\nContainer Type:- Tin\r\nQuantity: -1L \r\nMaximum Shelf Life:- 12 Months\r\nOrganic:- No \r\n\r\n# grocery, staples, ghee & oils, ghee '),
(369, 'Tops gold Mixed Pickles', 138, 'PXxGndtSEK1QjBy.png', 'Brand:- Tops\r\nModel Name:- Mixed Pickles/Pickled\r\nType:- Pickle\r\nBase Ingredient:- Mixed Vegetable\r\nQuantity:- \r\nContainer Type:- Plastic Bottle\r\nTaste:- Spicy\r\nOrganic:- Yes\r\nFood Preference:- Vegetarian\r\nMaximum Shelf Life:- 12 Months\r\nNutrient Content:- NA\r\nIngredients:- vegetables,chili powder , salt \r\n\r\n# grocery, packed food, pickles & chutney, pickles'),
(370, 'Indulekha Bhringa Hair Cleanser 100ml ', 145, 'ePCnuwj64a8Jy7l.png', 'Brand:- Indulekha\r\nModel Name:- Bhringa\r\nQuantity:- 100 ml\r\nIdeal For:- Men\r\nApplied For:- Hair Strengthening, Split-ends, Anti-hair Fall\r\nOrganic:- Yes\r\nType:- Herbal\r\nSulfate Free:- Yes\r\nHair Type:- Damaged Hair\r\nContainer Type:- Bottle\r\nMaximum Shelf Life:- 24 Months\r\nComposition:- Bringha (Eclipta Alba), Svetakutaja (Wrightia tinctoria) & Virgin Cocunut Oil\r\n\r\n# Health care, home medicines, hair care, hair oil '),
(371, 'Parle Krack Jack Sweet and Salty Crackers', 76, '2Ptr6qZNDzQjei1.png', 'Brand:- Parle\r\nModel Name:- Krack Jack Sweet and Salty Crackers\r\nQuantity:-  g\r\nType:- Sweet & Salty\r\nBase Flavors:- Plain\r\nOrganic:- No\r\nIngredients:- Wheat Flour, Edible Vegetable Oils, Sugar, Raising Agents, Invert Sugar Syrup, Iodised Salt, Yeast, Acidity Regulators, Emulsifier, Dough Conditioner and Improver.\r\nFood Preference:- Vegetarian\r\nContainer Type:- Pouch\r\nMaximum Shelf Life:- 8 Months\r\nnutrient Content:- NA \r\n\r\n# grocery,snacks & beverages, biscuits, salty'),
(372, 'Parle Nutricrunch Lite Crackers', 76, 'pe6RxhbYGcwUuZn.png', 'Brand:- Parle\r\nModel Name:- Nutricrunch Lite Crackers\r\nQuantity:-  g\r\nType:- Salted Biscuit\r\nBase Flavors:- Plain\r\nOrganic:- No\r\nIngredients:- Refined Wheat Flour, Refined Palm Oil, Yeast, Iodised Salt, Emulsifier of Vegetable Origin, Flour Treatment Agents.\r\nFood Preference:- Vegetarian\r\nDietary Preference:- No Cholesterol, No Trans Fat\r\nContainer Type:- Pouch\r\nMaximum Shelf Life:- 6 Months\r\nnutrient Content:- NA\r\n\r\n# grocery,snacks & beverages, biscuits, salty'),
(373, 'Parle Top Spin Sugary Crackers', 54, 'e26XoxkgMtybFS4.png', 'Brand:- Parle\r\nModel Name:- Top Spin Sugary Crackers\r\nQuantity:- \r\nBase Flavors:- Fruit\r\nOrganic:- No\r\nIngredients:- Wheat Flour, Sugar, Edible Vegetable Oils, Raising Agents, Invert Sugar Syrup, Edible Common Salt, Milk Solids, Kalonji, Emulsifier, Acidity Regulator, Dough Conditioner and Improver\r\nFood Preference:- Vegetarian\r\nContainer Type:- Pouch\r\nMaximum Shelf Life:- 6 Months\r\nnutrient Content:- NA \r\n\r\n# grocery, snacks & beverages, biscuits, cookies'),
(374, 'Parle 20-20 Butter Cookies', 54, 'YiOPvyHrFqda7zM.png', 'Brand:- Parle\r\nModel Name:- 20-20 Butter Cookies\r\nQuantity:- \r\nType:- Cookies\r\nBase Flavors:- Butter\r\nOrganic:- No\r\nIngredients:- Wheat Flour, Sugar, Edible Vegetable Oil, Invert Sugar Syrup, Milk Solids, Raising Agents, Edible Common Salt, Butter, Emulsifier and Dough Conditioner\r\nFood Preference:- Vegetarian\r\nContainer Type:- Pouch\r\nMaximum Shelf Life:- 6 Months\r\nnutrient Content:- NA\r\n\r\n # grocery, snacks & beverages, biscuits, cookies'),
(375, ' SoBisco Desire Butter Rich Butter Biscuits', 54, 'Act7WxbmZqei5s2.png', 'Brand:- Sobisco\r\nModel Name:- Desire Butter Rich Butter \r\nQuantity:-\r\nType:- Cookies\r\nBase Flavors:- Butter\r\nOrganic:- No\r\nIngredients:-Wheat, Flour, Sugar, Refined Palm Oil, Butter, Raising Agents, Milk Solids, Edible Common Salt, Invert Syrup and Emulsifiers\r\nFood Preference:- Vegetarian\r\nContainer Type:- Pouch\r\nMaximum Shelf Life:- 6 Months\r\nnutrient Content:- NA \r\n\r\n# grocery, snacks & beverages, biscuits, cookies'),
(376, '  Maa Bhog Chakki Fresh Atta 5kg ', 125, 'g7KSFnYzxjdb2cs.png', 'Brand:- Maa Bhog\r\nType:- Whole-Wheat Flour\r\nQuantity:- 5 kg\r\nMaximum Shelf Life:- 3 Months\r\nIs Perishable:- No\r\nOrganic:- No\r\nUsed For:- Cooking\r\nModel Name:- Chakki Fresh Atta\r\nNutrient Content:- NA \r\n\r\n# grocery, staples, atta & flours, wheat Rice'),
(377, 'Fortune Chakki Fresh Atta 5kg', 125, 'Ynlrk9XGdhPIvVD.png', 'Brand:- Fortune\r\nType:- Whole-Wheat Flour\r\nQuantity:- 5 kg\r\nMaximum Shelf Life:- 3 Months\r\nIs Perishable:- No\r\nOrganic:- No\r\nUsed For:- Cooking\r\nModel Name:- Chakki Fresh Atta\r\nNutrient Content:- NA \r\n\r\n# grocery, staples, atta & flours, wheat Rice '),
(378, 'Active Wheel Detergent Washing Powder 1kg', 119, 'uwBH5K8PnErdhLp.png', 'Brand:- Active Wheel\r\nModel Name:- Detergent Washing Powder\r\nQuantity:- 1 kg\r\nType:- Hand Wash Detergent \r\n\r\n# grocery, household care, detergents & laundry, detergents'),
(379, 'Kamal FLoor Cleaner Phenyle', 155, '4LliGVJIFM2qyfv.png', 'Brand:- Kamal\r\nModel Name:- FLOOR CLEANER PHENYL \r\nBrand Fragrance:- PLEASANT\r\nQuantity:-  L\r\nSuitable For:- Floor, Bathroom\r\nForm Factor:- Liquid\r\nContainer Type:- Bottle\r\n\r\n# grocery, household care, floor & other cleaners, floor cleaners'),
(380, 'himgange Ayurvedic Hair Oil 200ml ', 145, 'QHYrm0pu2v6oyjB.png', 'Brand:- Himgange\r\nModel Name:- Ayurvedic\r\nQuantity:- 200 ml\r\nIdeal For:- Men & Women\r\nApplied For:- Stress Relief\r\nOrganic:- Yes\r\nType:- Herbal\r\nHair Type:- All Hair Types \r\n\r\n# health care, home medicines, hair care, hair oil'),
(381, 'Rahat rooh Oil 200 ml Hair Oil', 145, '9dOygoULCslMR4F.png', 'Brand:- Rahat rooh\r\nModel Name:- Oil 200 ml\r\nQuantity:- 200 ml\r\nIdeal For:- Men & Women\r\nApplied For:- Stress Relief\r\nOrganic:- Yes\r\nType:- Amla\r\nHair Type:- All Hair Types \r\n\r\n# health care, home medicines, hair care, hair oil'),
(382, 'Almonds ( Badamgiri ) ', 173, 'dzSlDpWkCMTGOJR.png', 'Name:- Almonds ( Badamgiri ) \r\n\r\n\r\n# grocery, staples, dry fruits, nuts & seeds, Almonds & pistochio\r\nNickname:- badamgiri, pista badam, badam '),
(383, 'Bay leaf ( Tejpatta ) ', 129, 'GHinmS8hOPkw1u4.png', 'Name:- Bay Leaf ( tejpatta )\r\n\r\n# grocery, staples, masalas & spices, whole spices\r\nNickname:- Tejpatta, chaypatta, chay patta, tej patta '),
(384, 'Cashew ( kaju ) ', 172, 'V69NToFK32aC4Lx.png', 'Name:- Cashew ( Kaju ) \r\n\r\n# grocery, staples, dry fruits, Nuts & seeds, cashew \r\nNickName:- Kaju '),
(385, 'Fig ( Anjir ) ', 175, 'XNcIdxTiU9kl05y.png', 'Name:- Fig ( Anjir )\r\n\r\n# grocery, staples, dry fruits, Nuts & Seeds, Dried Fruits\r\nNickname:-  '),
(386, 'Green Cardamom ( Chhoti Elaichi )', 129, 'bsrMUfgEaIOcoQ9.png', 'Name:- Green Cardamom ( Chhoti Elaichi ) \r\n\r\n# grocery, staples, masalas & spices, whole spices\r\nNickname:- Chhoti Elaichi, choti elaichi, choti lachi '),
(387, 'Pistachio ( Pista badam )', 173, '5gJTGp1e68VlErs.png', 'Name:- Pistachio ( Pista Badam) \r\n\r\n# grocery, staples, dry fruits, Nuts & Seeds, Almonds & Pistachio\r\nNickname:- Pista Badam, Badam '),
(388, 'Raisins ( Kismis - Chhota Dana ) ', 174, 'ctW3Y1OuyMx6bj2.png', '<p>Name:- Rasins ( Kismis- Chhota Dana ) <br /><br /># grocery, staples, dryfruits,Nuts, &amp; seeds<br />Nickname:- kismis chhota wala, kismis best quality, Kismis Chota</p>'),
(389, 'Raisins  ( Kismis - Bara  Dana ) ', 174, 'i3HxQu4XgbF9VvP.png', '<p>Name:- Raisins ( Kismis- Bara Dana ) <br /><br /># grocery, staples, dryfruits,Nuts, &amp; seeds<br />Nickname:- kismis Bara wala, kismis best quality, Kismis Big</p>'),
(390, 'Sugar ( Chinni )', 177, '6jKktlMyuFaWxnL.png', 'Name:- Sugar ( Chinni )\r\n\r\n#gorcery, staples, sugar, jagger & salt, sugar \r\nNickname:- Chini, Chinni, Mita'),
(391, 'Aashirvaad  Atta 5kg ', 125, 'b0sgLWq4nENcHat.png', 'Brand:- Aashirvaad\r\nType:- Whole-Wheat Flour\r\n\r\n# grocery, staples, atta & Flours, wheat Atta, \r\nNickname:- Atta, Chakki Atta, Mil Ka atta, '),
(392, 'Pooja Humad', 179, 'raXULB2n0G5uZ6C.png', 'Name:- Pooja Humad\r\n\r\n# grocery, household care, pooja needs, haven Items\r\nNickname:- Humad '),
(393, 'Phophi ( Phophi )', 180, 'i0P2g6NjzqYvUDr.png', 'Name:- Phophi \r\n\r\n# grocery, snacks & Beverages, chips , namkeen & snacks\r\nNickname:- '),
(394, 'Peanuts - ( White Mungphali  )', 175, 'El7YIrzZjUwMbeW.png', 'Name:- Peanuts - ( White Mungphali )\r\n\r\n# grocery, staples, dry friuts, Nuts & Seeds, Dried fruits\r\nNickename:-  saphed badam, saped mungphali, moongphali   '),
(395, 'Peanuts - ( Red Mungphali  )', 175, 'TK1Ov83V0teBRPS.png', 'Name:- Peanuts - ( red mungphali )\r\n\r\n# grocery, staples,dry fruits, nuts & seeds, dried fruits\r\nNickname:- red mungphali, red moongphali, lal moongphali, lal mungphali '),
(396, 'Pasta - Original ', 181, 'qlALD6Mz5spKfkU.png', 'Name:- Pasta - original \r\n\r\n# grocery, packed food, noodles & pasta, pasta\r\nNickname:- Pasta, microni, '),
(397, 'Nine planet wood ( Nau grah Lakri ) ', 179, 'eB9qOmicPKsFxvk.png', 'Name:-  Nine planet wood ( nau grah lakri ) \r\n\r\n# grocery, household care, pooja needs, haven items\r\nNickname:-  no grah lkri, no grah lakri, nau grah lkri, nau grah lakri  '),
(398, 'Mung Dal ( moong Dal ) ', 158, 'dmaNZBwCn3GsfKq.png', 'Name:- Mung Dal ( Moong Dal )\r\n\r\n# grocery, staples, dals & pulses, mung dal\r\nNickname:- moong, pulses, mung '),
(399, 'Mishri - Sugar candy', 177, '128mwSZiKxyV3cL.png', 'Name:- Mishri ( sugar candy )  \r\n\r\n# grocery, staples, sugar, jagger & salt, sugar\r\nNickname:- Misri, Sugar , Candy,'),
(400, 'Mimosa - Sugar Balls ( Elaichi Chhota Dana )', 177, 'CpHfkW0uN2jOas6.png', 'Name:- Mimosa - Sugar Balls ( Elaichi Chhota Dana ) \r\n\r\n# grocery, staples, sugar, jagger & salt, sugar\r\nNickname:-  laichidana, chota laichi dana,  '),
(401, 'Microni ', 181, '79NdjXZ1uwKaoIY.png', 'Name:- Microni\r\n\r\n# grocery,  packed food, noodles & Pasta, Pasta\r\nNickname:- Pasta'),
(402, 'Mica ( Abrak )', 179, 'nqoWDLb9XgNZJMr.png', 'Name:- Mica ( Abrak ) \r\n\r\n# grocery, household care, pooja needs, haven items\r\nNickname:-  '),
(403, 'Maida Flour', 166, 'tDg8TPNXMLUj5O9.png', 'Name:- Maida Flour \r\n\r\n# grocery, staples, atta & flours, Maida\r\nNickname:- '),
(404, 'Lavang ', 129, 'wPhJmVLj7ycxnIU.png', 'Name:-  Lavang \r\n\r\n#grocery, staples, masalas & spices, whole spices\r\nNickname:-  '),
(405, 'Khtaai Powder', 170, 'vdlqXTIhYOsEj0H.png', 'Name:-  Khtaai Powder \r\n\r\n#grocery, staples, masala & Spices, cooking herbs & seasonings\r\nNickname:-  '),
(406, 'Kalounji- Magrail', 129, 'B9ZGuowzOTJDM8b.png', 'Name:- Kalounji - Magrail \r\n\r\n# grocery, staples, masala & spices, Whole spices\r\nNickname:- '),
(407, 'Kabuli Chana', 182, 'Vwc0FRQgsn258PB.png', 'Name:-  Kabuli Chana \r\n\r\n# grocery, staples, atta & flours, grains\r\nNickname:- '),
(408, 'Kabab Chini', 129, 'CWP1FOcfmKABI4Y.png', 'Name:- Kabab Chini\r\n\r\n# grocery, staples, masalas & spices, whole spices\r\nNickname:-  '),
(409, 'Jaggery ( Gur )', 178, 'FmHUf7SGWsXvekn.png', 'Name:- Jaggery ( Gur ) \r\n\r\n# grocery, staples, sugar,   jagger & salt , jaggery\r\nNickname:-   '),
(410, 'Imli ', 170, 'hpdeRfl2WVITOka.png', 'Name:- Imli  \r\n\r\n# grocery, staples, masalas & spices, cooking herbs & seasonings\r\nNIckname:- '),
(411, 'Asafoetida ( Hing ) ', 170, 'v1jrWMIcC8gqt76.png', 'Name:- Asafoetida ( hing ) \r\n\r\n# grocery, staples, masalas & spices, cooking herbs & seasonings\r\nNickname:-  '),
(412, 'Green Mung ( Hara Moong ) ', 182, 'P2HbRqaiXlBvNW0.png', 'Name:- Green Mung ( Hara Moong ) \r\n\r\n# grocery, staples, atta & flours, grains\r\nNickname:- '),
(413, 'Gram ( Chana )', 182, 'eoF49vGOguHli63.png', 'Name:- Gram ( Chana )\r\n\r\n# grocery, staples, atta & flours , grains \r\nNickname:-  '),
(414, 'Fox Nut - Makhana', 175, 'u6N4ptIaTYDLfMP.png', 'Name:- Fox Nut ( Makhana )  \r\n\r\n# grocery, staples, dry fruits, nuts & seeds , dried fruits\r\nNikename:- \r\n'),
(415, 'Fenugreek ( Methi )', 129, 'mVPqIXCnKLM7Qr1.png', 'Name:- Fenugreek ( Methi ) \r\n\r\n# grocery, staples, masalas & spices, whole spices '),
(416, 'Mimosa - Sugar Balls ( Elaichi Bara Dana )', 177, 'HhsS6ZAxGEbnewi.png', 'Name:- Mimosa - sugar balls ( Elaichi big - Bara dana ) \r\n\r\n# grocery, staples, sugar, jagger & salt, sugar'),
(417, 'Dry Date Small ( Chhuhara chhota - 1 inch )', 174, 'KjY0iNFyJI7L6nv.png', 'Name:- Dry Date Small ( Chhuhara Chhota - 1 Inch )\r\n\r\n# grocery, staples, dry fruits, nuts & Seeds , dates & raisins   '),
(418, 'Dry Coconut ( Gola Sukha  Nariyal ) Per-Pcs', 175, 'logAexa4vcd30V9.png', 'Name:- Dry Coconut (  Gola sukha Nariyal ) Per-Pcs\r\n\r\n# grocery, dry fruits, Nuts & Seeds, dried Fruits, Pooja Nariyal'),
(419, 'Dry Coconut ( Sukha  Nariyal )', 175, '9QUJsK2kRdYtAqW.png', 'Name:- Dry Coconut ( Sukha Nariyal ) \r\n\r\n# grocery, staples, dryfruits, Nuts & Seeds , Dried Fruits '),
(420, 'Arbean Date ( Khajur ) ', 174, 'swN2WOqgjtaTZLG.png', 'Name:- Arbean Date ( Khajur ) \r\n\r\n# grocery, staples, dry fruits, Nuts & Seeds , Dates & Raisins'),
(421, 'Cumin Seeds ( Sahjira ) ', 129, 'ZrRGwnCS3m1LhB4.png', 'Name:- Cumin Seeds ( Sahjira )  \r\n\r\n# grocery, staples, masalas & spices, whole spices\r\nNickname:- '),
(422, 'Cumin Seeds ( Jira ) ', 129, 'n8QJejqzaREoT5P.png', 'Name:- Cumin seeds ( Jira ) \r\n\r\n# grocery, staples, masalas & spices, whole spices '),
(423, 'Cucumber Seeds ( Khira Biya )', 182, 'Ow5U6aP8NuQ9Yh7.png', 'Name:- Cucumber Seeds ( Khira Biya ) \r\n\r\n# grocery, staples, atta & flours, Grains\r\nNickname:- '),
(424, 'Creamy Pea ( Matar ) ', 182, 'iIYQd6uGc1ZfkbE.png', 'Name:- Creamy Pea ( Matar ) \r\n\r\n# grocery, staples, atta & flours, grains  '),
(425, 'Creamy Beans ( Rajma ) ', 182, 'KCq8xPAIgcsVFD4.png', '<p>Name:- Creamy Beas ( Rajma ) <br /><br /># grocery, staples, atta &amp; Flours, grains</p>'),
(426, 'Coriander  ( Dhaniya )', 129, '6tW9EqyNZSepJaG.png', 'Name:- Coriander  ( Dhaniya ) \r\n\r\n# grocery, staples, masalas & spices, whole spices '),
(427, 'Cinnamon ( dalchini ) ', 129, 'yDc0mFdiIJSfhEp.png', 'Name:- Cinnamon ( dalchini ) \r\n\r\n# grocery, staples, masalas & spices, whole spices \r\nNickname:- Dal chini, Dal chinni, Dalchinni'),
(428, 'Chips', 180, 'BcAtyHxIpgGkr0i.png', 'Name:- Chips \r\n\r\n# grocery, staples, snacks & beverages, chips, namkeen & snacks, chips '),
(429, 'Chay Patti - Tea', 77, '3gmNB7Oxra612oC.png', 'Name:- Chay Patti - Tea \r\n\r\n# grocery, snacks & beverages, tea , tea  '),
(430, 'Chandan ', 179, 'OZjKghIVAnTqltU.png', 'Name:- Chandan \r\n\r\n# grocery, household care, Pooja needs, Haven Items'),
(431, 'Chana dal', 159, 'wolfCTWHy4vQA83.png', 'Name:- Chana dal \r\n\r\n# grocery, staples, dals & pulses, chana dal'),
(432, 'Carom seeds ( Ajwain ) ', 129, 'nPZmIL4RilY1eJk.png', 'Name:- Carom Seeds ( Ajwain ) \r\n\r\n# grocery, staples, masalas & spices, whole spices '),
(433, 'Carom seeds - Churan ( Ajwain Ka Shat ) ', 53, 'wUQmzDW2Lg5OJnb.png', 'Name:- Carom Seeds - Churan ( Ajwain ka Shat  ) \r\n\r\n# grocery, staples, masalas & spices, whole spices '),
(434, 'Camphor ( Kapur ) ', 179, 'CKVDfqQoSyl7iJe.png', 'Name:- Camphor ( kapur ) \r\n\r\n# grocery, household care, pooja needs, haven items '),
(435, 'Black Urad Dal ', 157, 'd2hzeEawBuyT8Xc.png', 'Name:- Black Urad Dal \r\n\r\n# grocery, staples, dals & pulses, urad dal'),
(436, 'Walnut With Peel ( Akhrot chhilke ke saath ) ', 175, 'wPEqZ1xTFUJCnSm.png', 'Name:- Walnut With Peel ( Akhrot Chhilke ke saath )  \r\n\r\n# grocery, staples, dry fruits, NUts & Seeds, dried fruits'),
(437, 'Walnut ( Akhrot ) ', 175, '57wPBeCNMZvI2r0.png', 'Name:- Walnut ( Akhrot )  \r\n\r\n# grocery, staples, dry fruits, Nuts & Seeds, Dried Fruits'),
(438, 'White Sesame ( Saphed Tilli ) ', 182, '3Pw9jR074EsTVSz.png', 'Name:- White Sesame ( Saphed Tilli ) \r\n\r\n# grocery, staples, Atta & Flours, grains  '),
(439, 'Black Mustard ( Kala Sarso ) ', 182, 'PZr2XMVYxy7Hqnz.png', 'Name:- Black Mustard ( Kala Sarso ) \r\n\r\n# grocery, staples, Atta & Flours, Grains \r\nNickname:- Sarso, rai, Tori '),
(440, 'White Split or Dhoi ( Saphed Urad dal or Dhoi ) ', 182, 'LJWHK65rFwkaDG3.png', 'Name:- White splite Or Dhoi ( Saphed Urad Dal or Dhoi ) \r\n\r\n# grocery, staples, Atta & flours, Grains '),
(441, 'Aniseed ( Sauf ) ', 129, 'W83hTb21cvGdPiF.png', 'Name:- Aniseed ( Sauf ) \r\n\r\n# grocery, staples, masalas & spices, whole spices'),
(442, 'Aararot Powder', 183, 'YVkR6DJEqecI2jC.png', 'Name:- Aararot Powder \r\n\r\n# grocery, staples, Atta & Flours, Flours '),
(443, 'Black Beans ( Kala Rajma ) ', 182, '9KQMWFsyelJCmIr.png', 'Name:- Black Beans ( Kala Rajma ) \r\n\r\n# grocery, staples, Atta & Flours, Grains  '),
(444, 'Black Sesame ( Kala Tilli ) ', 182, 'rcJSb3z70NFD1je.png', 'Name:- Black Sesame ( Kala Tilli ) \r\n\r\n# grocery, staples, Atta & Flours, Grains '),
(445, 'Buniya ( Boondi ) ', 168, 'Afjkwi6NryO210o.png', 'Name:- Buniya ( Boondi )  \r\n\r\n# grocery, staples, atta & flours, besan'),
(446, 'Black Peppers ( Kali Mirch ) ', 129, 'YLjo9KMSVzW8540.png', 'Name:- Black Peppers ( Kali Mirch )  \r\n\r\n# grocery, staples, masalas & spices , whole spices'),
(447, 'Poppy Seeds ( Posta Dana )', 182, 'BU2hV9vginas5FA.png', 'Name:- Poppy seeds ( Posta Dana )  \r\n\r\n# grocery, staples, atta & flours, grains '),
(448, 'Puja Sindoor ', 179, 'WY5M2IcFdmsfTEG.png', 'Name:- Puja Sindoor  \r\n\r\n# grocery, Household care, pooja needs, Haven items'),
(449, 'Red Beans ( Lal Rajma ) ', 182, 'P4NoL0aWIq7zeXi.png', 'Name:- Red Beans ( Lal Rajma )  \r\n\r\n# grocery, staples, Atta & Flours, Grains'),
(450, 'Red Chilli ( Sukha Lal Mirch ) ', 129, '5XQFg1AhiuTqpeS.png', 'Name:- Red Chilli ( Sukha Lal Mirch )  \r\n\r\n# grocery, Staples, Masalas & Spices, Whole Spices'),
(451, 'Red Lentil ( Masur Dal ) ', 160, 'V0EwrjxtThbCclZ.png', 'Name:- Red Lentil ( Masur Dal )  \r\n\r\n# grocery, staples, dals & Pulses, masur Dal'),
(452, 'Roli - Kumkum', 179, '8G4oftU13TMClR2.png', 'Name:- Roli - Kumkum\r\n\r\n# grocery, household care, pooja needs, haven items '),
(453, 'Sago - Big ( Bara Sabudana ) ', 182, 'w4T7odynl3WXDta.png', 'Name:- Sago - Big ( Bara Sabudana ) \r\n\r\n# grocery, staples, Atta & Flours, Grains'),
(454, 'Sago - Small  ( Chhota Sabudana ) ', 182, 'FY0NbsijfBGLPeK.png', 'Name:- Sago - Small ( Chhota Sabudana ) \r\n\r\n# grocery, staples, Atta & Flours, Grains '),
(455, 'Sattu ', 169, '8grzehxRcLDikCl.png', 'Name:- Sattu \r\n\r\n# grocery, staples, Atta & Flours, Sattu'),
(456, 'Semolina flour ( Suji ) ', 167, 'rHQLIEquBvph3an.png', 'Name:- Semolina Flour ( Suji )  \r\n\r\n# grocery, staples, Atta & Flours, Rava & Sooji'),
(457, 'Soya Chunks Mini ( Chhota Soya ) ', 71, 'bske42QmYu7EdI8.png', 'Name:- Soya Chunks Mini ( Chhota Soya ) \r\n\r\n# Grocery, staples, dals & Pulses, Soya Chunks '),
(458, 'Soya Chunks Big ( Bara Soya ) ', 71, 'IvQ2j6Dl13uHhsL.png', 'Name:- Soya Chunks big ( Bara Soya ) \r\n\r\n# Grocery, staples, dals & Pulses, Soya Chunks  '),
(459, 'Sukha Pooja Nariyal For Burn ( Jalane Wala Nariyal )', 179, 'M6jWVRtuXHh2E9B.png', 'Name:- Sukha Pooja Nariyal For Burn  ( Jalane Wala Nariyal )\r\n\r\n# grocery, household care, pooja needs, haven items'),
(460, 'Supari Per Piece', 179, 'ERzi18TWZYXG6j4.png', 'Name:- Supari Per Piece \r\n\r\n# grocery, Household care, Pooja Needs, Haven Items '),
(461, 'Supari ', 179, 'vX5hYndGIBs382t.png', 'Name:- Supari  \r\n\r\n# grocery, Household care, Pooja Needs, Haven Items  '),
(462, 'Toor Dal ( Arhar dal ) ', 156, 'JpctaqsnUNGC29H.png', 'Name:- Toor Dal ( Arhar Dal ) \r\n\r\n# grocery, staples, dals & pulses, Toor dal '),
(463, 'Turmeric ( Khara Haldi ) ', 129, '0ZnEM7vHGaKymgl.png', 'Name:- Turmeric ( Khara Haldi )\r\n\r\n# grocery, staples, masalas & spices, whole spices '),
(464, 'Acquitted Cordamon ( Bari Elaichi ) ', 129, '0TXZKmsfYqco3AQ.png', 'Name:- Acquitted cordamon ( Bari Elaichi ) \r\n\r\n# grocery, staples, masalas & spices, whole spices '),
(465, 'Kakaji Cumin Seeds - Jira', 129, 'is8k5xcrohAnjp4.png', 'Name:- Kakaji Cumin Seeds - Jira  \r\n\r\n# grocery, staples, masalas & spices, whole spices'),
(466, 'Flax Seeds - Tisi -Alsi', 182, 'xVQFpHYIb6PlByX.png', 'Name:- Flax Seeds - Tisi -Alsi\r\n\r\n# grocery, staples, Atta & Flours, Grains  '),
(467, 'Gram  ( Bhuna Chana )', 182, 'zqDTFEYpM15KQsv.png', 'Name:- Gram ( Bhuna Chana )\r\n\r\n# grocery, staples, atta & flours, grains   '),
(468, 'Janeu Holy Thread ', 179, 'ZcyrqI2x8pPM0vS.png', 'Name:- Janeu Holy Thread \r\n\r\n# grocery, household care, pooja needs, haven items '),
(469, 'Gajanand Oosina  Katarni  Rice ( chawal ) ', 171, 'lOnFJWz1DwsbQXT.png', 'Brand:-  Gajanand \r\nName:- Oosina  ( Katarni ) \r\nType:- Rice ( Chaval ) \r\n\r\n# grocery, Staples, rice & product , Oosina Rice'),
(470, 'Mansuri Rice ( Chawal ) ', 171, 'gdX57RBhFLGcx1V.png', 'Name:- Mansuri Rice ( Chaval ) \r\n\r\n# grocery, staples, rice & Product, Oosina Rice '),
(471, 'Dehradun Basmati Rice ( Chawal ) ', 153, '5Q9uz2dWFjVECZk.png', 'Name:- Dehradun Basmati Rice ( Chawal ) \r\n\r\n# grocery, staples, rice & product, basmati rice '),
(472, 'Jyotari ', 129, 'XcIsVgxuNZzByCJ.png', 'Name:- Jyotari  \r\n\r\n# grocery, staples, masalas & spices, whole spices'),
(473, 'Sighara', 182, 'Rf9SAkDGYItz2Ji.png', 'Name:- Sighara  \r\n\r\n# grocery, staples, Atta & Flours, grains'),
(474, 'Dove Cream Beauty Bathing Bar 3 +1 ', 51, 'T8iLaykYAzUj3QG.png', 'Brand :- Dove\r\nType:- Cream Beauty Bathing Bar \r\nQuantity :- 4\r\n\r\n# Grocery, Young & Baby Care, Soaps & Body wash, soaps '),
(475, 'Johnson\"s Baby Soap 75g ', 51, 'EfvMpo635inGkBU.png', 'Brand:- Johnson\"s  \r\nType:- Baby Soap\r\n\r\n# grocery, young & Baby care, Soaps & Body wash, Soaps'),
(476, 'Glori Sandal Soap set Pack- 66 g ', 51, 'pZoYGzXgIOT0NLC.png', 'Brand:- Glori \r\nType:- Sandal Soap \r\nQuantity :- 4\r\n\r\n# grocery, Young & Baby Wash, Soaps & body Wash , Soaps '),
(477, 'Savlon - Glycerin Soap set pack 45g', 51, 'R28poAMUQGPf5We.png', 'Brand :- Savlon  \r\nType:- Anti-bacteral glycerin soap\r\n\r\n# grocery, Young & Baby Care, Soaps & Body Wash , Soaps '),
(478, 'Liril lemon & Tea tree Soap 75g', 51, 'TwCsbdy56PE2qaF.png', 'Brand :- Liril \r\nTpye:- Lemon & Tea Tree Body Wash\r\n\r\n# grocery, young & Baby Care, Soaps & Body Wash , Soaps'),
(479, 'Lifebuoy Care Soap 125g', 51, 'rlKaY1SxobfEe5X.png', 'Brand :- LifeBuoy \r\nType:- Care Body Wash \r\n\r\n# grocery, Young & Baby Care, Soaps & body Wash, Soaps'),
(480, 'Lux Creamy Prefection  75g', 51, '3tQ4kD1ugF0Unm9.png', 'Brand:- Lux\r\nTpye :- Creamy Prefection  Bathing Soap  \r\n\r\n# grocery, young & Baby Care, Soaps & Body wash, Soaps'),
(481, 'Nima Rose Bathing Soap 75g ', 51, 'mLy15CiElRGY0fP.png', 'Brand :- Nima\r\nType:- Rose Bathing Soap\r\n\r\n# grocery, Young & Baby Care, Soaps & Body Wash, Soaps '),
(482, 'Fair & Lovely and Glow & Lovely -Multivitamin SOAP 45g', 51, 'eL1BC3DIgaVGOhS.png', 'Brand:- Fair & Lovely and Glow & Lovely\r\nType:- Multivitamin washing soap \r\n\r\n# grocery, Young & Baby care, Soaps & Body Wash , Soaps'),
(483, 'Patanjali Neem Kanti Body Soap 50g ', 51, 'tTVOn2ey67IDZCY.png', 'Brand:- Patanjali\r\nType:- Neem Kanti Body Wash Soap\r\n\r\n# grocery, Young & Baby Care, Soaps & Body wash, Soaps '),
(484, 'Santoor Turmeric Soap Set 408g', 51, 'lm803WUbhZgfuIY.png', 'Brand :- Santoor\r\nType:- Turmeric Soap  \r\n\r\n# grocery, young & Baby care, Soaps & Body wash, Soaps'),
(485, 'Patanjali Anti Bacterial handwash - Refil 750ml', 131, '6evWcQiGKtdAE5Z.png', 'Brand:- Patanjali  \r\nType:- Anti Bacterial Handwash - Refil\r\n\r\n# grocery, Young & Baby care, Soaps & Body wash , Soaps'),
(486, 'Nescafe Classic Coffee With Free Red Mug 100g', 154, 'jB2f4sIh19AqXta.png', '<p>Brand:- Nescafe <br />Type:- Classic Coffee With Free Red Mug<br /><br /># grocery, snacks &amp; beverages, Coffee, Instant Coffee</p>'),
(487, 'Dabur Chyawanprash 2x Immunity  1kg ', 140, 'gdYyf3ED1mp6CjG.png', '<p>Brand :- Dabur <br />Type;- Chyawanprash<br />Ideal for :- Immunity Booster Ayurvedic Medicines for Men or Women<br /><br /># Heath care, Home Medicines, Immunity booster, Ayurvedic</p>'),
(488, 'Bajaj ALMOND DROPS  Hair Oil 200ml ', 61, 'vbTZAYym2PcoreS.png', 'Brand:- Bajaj \r\nType :- Almond Drops Hair oil\r\n\r\n# grocery, young & baby care, hair care, hair oil '),
(489, 'Horlicks Classic Malt Bottle 1kg ', 184, 'ZMC4mugB7k6dQAb.png', 'Brand :- Horlicks \r\nType:- Classic Malt Bottle\r\nIdeal for:- Health Powder for Every age Human.\r\n\r\n# Health care, Home medicines, body & skin care, heath Drink & Powder'),
(490, 'Horlicks Classic Malt Bottle 500g', 184, 'pAFgws4T81mYbyu.png', 'Brand :- Horlicks \r\nType:- Classic Malt Bottle\r\nIdeal for:- Health Powder for Every age Human.\r\n\r\n# Health care, Home medicines, body & skin care, heath Drink & Powder '),
(491, 'Dabur Chyawanprash 2x Immunity 250g ', 140, 'ySxcBeXbIQTd935.png', 'Brand:- Dabur\r\nType:- Chyawanprash 2x Immunity \r\nIdeal for:- Immunity Booster Ayurvedic medicines for Human\r\n\r\n# health care, home medicines, Immunity Booster,Ayurvedic'),
(492, 'Complan Royal Chocolate 200g ', 184, 'cWk9jTbMnhEoQiz.png', 'Brand :- Complan \r\nType:- Royal Chocolate\r\nIdeal:- health Drink in Chocolate flavour for Children\r\n\r\n# health care, home medicines, body & skin care,  health drink & powder '),
(493, 'Patanjali Chyawanprash 500g ', 140, 'MW3srGacItDhgA5.png', 'Brand:- Dabur\r\nType:- Chyawanprash 2x Immunity \r\nIdeal for:- Immunity Booster Ayurvedic medicines for Human\r\n\r\n# health care, home medicines, Immunity Booster, Ayurvedic'),
(494, 'Apis Himalaya honey 20g', 141, 'VuNGKjc0RkShECy.png', 'Brand:- Apis\r\nTpye:- Himalaya Honey \r\n\r\n# Grocery, Packed food, jams & honey, Honey '),
(495, 'Apis Himalaya Honey 50g', 141, 'DufqI6YilHNahp4.png', 'Brand:- Apis\r\nTpye:- Himalaya Honey \r\n\r\n# Grocery, Packed food, jams & honey, Honey  '),
(496, 'Apis Himalaya Honey 500g ', 141, '2cEo8XH1vzF4P5g.png', 'Brand:- Apis\r\nTpye:- Himalaya Honey \r\n\r\n# Grocery, Packed food, jams & honey, Honey  '),
(497, 'Apis Himalaya Honey 1Kg ', 141, 'MbdfnJyZTk6R9Cm.png', 'Brand:- Apis\r\nTpye:- Himalaya Honey \r\n\r\n# Grocery, Packed food, jams & honey, Honey  '),
(498, 'Dabur Honey 50g ', 141, '0I7kO6pJ5TcnMVE.png', 'Brand:- Dabur\r\nTpye:-  Honey \r\n\r\n# Grocery, Packed food, jams & honey, Honey  '),
(499, 'Dabur Honey 250g ', 141, 'e6PF5fyNvL9ohnM.png', 'Brand:- Dabur\r\nTpye:-  Honey \r\n\r\n# Grocery, Packed food, jams & honey, Honey   '),
(500, 'Horlicks Chocolate Delight Pouch 1kg', 184, 'vRk7Mib0mNOArwq.png', 'Brand:- Horlicks\r\nType:- Chocolate Delight \r\nIdeal For:- Health Drink for Every Age Human\r\n\r\n# health care, home medicines, body & Skin Care, Health Drink & Powder '),
(501, 'Horlicks Classic Malt Pouch 1kg ', 184, 'oIJDN46YB7ca9L3.png', 'Brand :- Horlicks \r\nType:- Classic malt  \r\nIdeal For :- Health Drink  for Human\r\n\r\n# health care, home medicines, body & Skin Care, health Drink & Powder'),
(502, 'Horlicks Junior 500g', 184, 'XJgzHZk43cftley.png', 'Brand:- Horlicks\r\nType:- Junior \r\nFlavour:- Vanilla\r\nIdeal For :- Junior \r\n\r\n# health care, home medicines, body & Skin Care, health Drink & Powder '),
(503, 'Horlicks Classic Malt Box 500g', 184, '1svRtJNhIUnFTAe.png', 'Brand:- Horlicks\r\nType:- Classic Malt \r\nIdeal For :- Health Drink & Powder \r\n\r\n# health care, home medicines, Body & Skin care, health Drink & powder'),
(504, 'Dettol Original Handwash 250ml', 131, 'yFKd7VCHGj1NJ5B.png', 'Brand:- Dettol \r\nName:- Original Handwash ( Promo Pack ) \r\n\r\n# grocery, Young & Baby care, Soaps & Body Wash, Hand wash  '),
(505, 'Dettol Aloe vera Handwash 200ml', 131, 'qgHbYVLRINipWEB.png', 'Brand :-Dettol \r\nType :- Aloe Vera Handwash ( Promo Pack ) \r\n\r\n# grocery, Young & Baby care, Soaps & Body wash, Hand wash '),
(506, 'Nescafe Classic Coffee Jar 25g ', 154, 'zPh8fU5ZxGtCqcQ.png', 'Brand:- Nescafe\r\nType:- Classic Coffee jar\r\n\r\n# grocery, snacks & beverages, coffee, Instant Coffee '),
(507, 'Lifebuoy Handwash Total 10 Bottle 400ml', 131, 'IpDdACOJW53t6mT.png', 'Brand:- Lifebuoy \r\nType:-  Total 10 Handwash \r\n\r\n# grocery, young & baby care, Soaps & Body Wash  , Hand wash  '),
(508, 'Doy ALoe Natural Soap 50g ', 51, 'v4JH2lkzE96TYsP.png', 'Brand:- Doy \r\nType:- Aloe Natural soap \r\n\r\n# grocery, Young & Baby care, Soaps & Body Wash, Soaps'),
(509, 'Johnson\"s Baby Powder', 186, 'ylI0EujMwTBLh6Y.png', 'Brand:- Johnson\r\nType:- Baby Powder\r\n\r\n# grocery, young & Baby care, Deos, Perfumes & Talc '),
(510, 'Nestle Lactogen-1 Why protein & Lactose 400g', 187, 'WeyihRnmQw6NPGa.png', 'Brand:- Nestle\r\nTpye:- Lactogen 1 - Why protein & Lactose\r\n\r\n# grocery, Packed food, Breakfast Cereals, Cereal Bars '),
(511, 'Nestle Cerealac Baby Cereal With Milk - Multigrain & Fruits 300g', 187, '8QP6hkpM9jqbEVe.png', 'Brand:- Nestle \r\nType:- Cerealac Baby cereal with Milk - Multigrain & Fruits\r\n\r\n# grocery, packed food, breakfast cereals, cereal bars '),
(512, 'Nestle Cerealac baby Cereal With Milk - Wheat Apple 300g', 187, '8f7ONA4UcRehK2d.png', 'Brand:- Nestle \r\nType:-  Cereal Baby cereal With Milk - Wheat Apple\r\n\r\n# grocery, packed food breakfast cereals, cereal Bars  '),
(513, 'Nestle Cerealac Baby Cereal With Milk - Wheat Orange 300g', 187, 'c3UAE9VGnr5bS2H.png', 'Brand:- Nestle\r\nType:- Cerealac baby cereal with milk - Wheat Orange \r\n\r\n# grocery, packed food, breakfast cereals, cereals Bars '),
(514, 'Nestle Cerealac Baby Cereal With Milk - 5Grains & Vegetables 300g', 187, 'n8seoKAQyi6BTp7.png', 'Brand:- Nestle \r\nType:- Cerelac Baby cereal with Milk - 5Grains & Vegetables\r\n\r\n# grocery, Packed Food, Breakfast Cereals, Cereals Bars  '),
(515, 'Nestle Cerealac Baby Cereal With Milk - Wheat - Rice Mixed Fruits 300g', 187, 'c4pFhM3zuGAP2sb.png', 'Brand:- Nestle \r\nType:- Cerealac Baby Cereal With Milk - Wheat - Rice Mixed Fruits\r\n\r\n# grocery, packed Food, Breakfast Cereals, Cereal Bars '),
(516, 'Park Anenue Original Collection Luxary fragnant Soap 125g', 51, 'IpK2VY08oqevHsn.png', 'Brand:- Park Anenue \r\nType:- Luxary fragnant Soap \r\n\r\n# grocery, Young & Baby care, Soaps & Body Wash, Soaps '),
(517, 'Himalaya gental Baby Soap - oils of Olive & Almonds 75g ', 51, 'gDiMnz62xJXktWH.png', 'Brand:- Himalaya \r\nType:- Gental Baby Soap\r\n\r\n# grocery, Young & Baby care, Soaps & Body wash, Soaps '),
(518, 'Ayur Herbal Sandal Face Pack For Dry and Dull Skin 25g', 188, '2hnZOCWb3DTL6YB.png', 'Brand:- Ayur \r\nType:- Herbal Sandal Face Pack For Dry And Dull Skin\r\n\r\n# grocery, Young & Baby care, Cream, Lotion & Skin Care, Face Packs & Scrubs\r\n '),
(519, 'Patanjali Pachak Hing Goli 100g ', 189, 'rx2M7afPbCmvsl5.png', 'Brand:- Patanjali\r\nType:- Pachak Hing Goli  \r\n\r\n# grocery, packed food, Chocolates & Sweets, Candy & Gums'),
(520, 'Hajmola Regular - 120 Tab', 189, 'pqVihsmlf0gv97R.png', 'Brand:- Hajmola \r\nType:- Regular \r\n\r\n# grocery, Packed Food, Chocolates & Sweets, Candy & Gums '),
(521, 'Savlon Deep Clean Handwash Refil 725ml', 131, 'FwftUWhex0DZ4Am.png', 'Brand:- Savlon \r\nType:- Deep Clean Handwash Refil \r\n\r\n# grocery, Young & Baby care, Soaps & Body Wash, Hand wash '),
(522, 'Dove Intense Repair Shampoo 650ml', 137, 'lCZ2SEROj0GtPXq.png', 'Brand:- Dove\r\nType:- Intense Repair Shampoo\r\n\r\n# grocery, Young & Baby care, Hair care, Shampoo '),
(523, 'Boro Plus Antiseptic Cream 19ml', 148, 'J74SD9baqFpBE83.png', 'Brand:- Boro Plus \r\nType:- Antiseptic Cream\r\n\r\n# heath care, Home medicines, Body & Skin care, Cream'),
(524, 'Emami Kesh King - Anti Hairfall Shampoo 340ml', 146, 'xr7jmp8ViJIcSzh.png', 'Brand:- Emami \r\nType:- Kesh King Anti Hairfall Shampoo \r\n\r\n# Health Care, Home Medicines, Hair Care, Shampoo '),
(525, 'Dabur Gulabari Premium Rose Water - Daily Glow 250ml', 188, 'n7PcVlmNgha3GjY.png', 'Brand:- Dabur \r\ntype:- Gulabari Premium Rose Water - Daily Glow  \r\n\r\n# grocery, Young & Baby care, creams, Lotion & Skin Care, Face Packs & Scrubs'),
(526, 'Ramson\"s Jasmine Room Freshners 200ml', 190, 'jNnEmR4xe2S3HCZ.png', 'Brand:- Ramson\"s\r\nType:- Jasmine Room Freshners\r\n\r\n# grocery, Household care, Repellants & Freshners, Air Freshners '),
(527, 'Baby Brand Saffron 500mg', 175, 'LfWXPCdmgROJj6b.png', 'Brand:- Baby\r\nType:- Saffron ( Keshar )\r\n\r\n# grocery, Staples, Dry fruits, Nuts & Seeds, Dried Fruits'),
(554, 'A.D Vitamin Paediatric Baby Oil 100ml', 149, 'LftGySokNXe8IBg.png', 'Brand:- A.D \r\nType:- Vitamin Paediatric Baby Oil  \r\n\r\n# health care, home medicines, Body & Skin care, Oil'),
(555, 'Brooke Bond Taj Mahal Rich And Flavourful BOX 250g', 77, '45sMIN8pxT9KlkS.png', 'Brand:- Brooke Bond\r\nType:- Taj mahal Rich and Flavourful \r\n\r\n# grocery, snacks & beverages, Tea, tea  '),
(556, 'Brooke Bond Taj Mahal Rich And Flavourful Pouch 100g', 77, 'oi7sKTVLzHpDcOh.png', 'Brand:- Brooke Bond\r\nType:- Taj mahal Rich and Flavourful \r\n\r\n# grocery, snacks & beverages, Tea, tea   '),
(557, 'Pond\"s Dreamflower Fragrant Talc 50g', 186, 'lzBcm70WjCsVF5P.png', 'Brand:- Pond\"s\r\nType:- Dreamflower Fragrant Talc \r\n\r\n# grocery, Young & Baby care, Deos, Perfumes & Talc, Talc'),
(558, 'A.D Vitamin Paediatric Baby Oil  340ml', 149, 'nwWIYxA6vT0q5Zh.png', 'Brand:- A.D \r\nType:- Vitamin Paediatric Baby Oil \r\n\r\n# health care, home medicines, Body & Skin care, Oil '),
(559, 'Johnson\"s baby Collection', 186, 'rWizUMvScPdFxbR.png', 'Brand;- Johnson\"s \r\nType:- BabyCollection\r\nQuantity:- 1 baby soap, 1 cotton Bib, 1 Baby soap\r\n\r\n# Grocery, Young & baby care, Soaps & Body wash, Soaps, Deos, Perfumes & Talc, Talc ');

-- --------------------------------------------------------

--
-- Table structure for table `users`
--

CREATE TABLE `users` (
  `id` int NOT NULL,
  `name` varchar(100) NOT NULL,
  `email` varchar(100) NOT NULL,
  `password` varchar(255) NOT NULL,
  `photo` varchar(255) DEFAULT NULL
) ENGINE=InnoDB DEFAULT CHARSET=utf8;

--
-- Dumping data for table `users`
--

INSERT INTO `users` (`id`, `name`, `email`, `password`, `photo`) VALUES
(18, 'Amitesh Kumar', 'bhanustark@gmail.com', 'u5htdMW0jCOufHK5', 'https://lh3.googleusercontent.com/a-/AOh14GhaeaXvN1YZG4CrDuwh4sErpfDo-z1CUg1jbvcc'),
(19, 'VArya Creation', 'dance@publicapp.in', 'EzoZmeq9zlrgwmDZ', 'https://lh3.googleusercontent.com/a-/AOh14GjSD4t2aEYq0PfGY_Ym_KUX4wTZlxWfsse9CC7W9w'),
(20, 'bhanu stark', 'bhanustark3@gmail.com', 'wQmd74MhTv6eD5YM', 'https://lh6.googleusercontent.com/-C87bvjaDksM/AAAAAAAAAAI/AAAAAAAAAAA/AMZuucn4UYUwN-JZSjT3HUjGHle-gb9IfQ/photo.jpg'),
(21, 'Amitesh Kumar', 'admin@publicapp.in', 'Dgm9KvvcFpq2oeN3', 'https://lh4.googleusercontent.com/-3E1A-4AKUxw/AAAAAAAAAAI/AAAAAAAAAAA/AMZuuclw7PTU-AhFKPWULyBXIWB6tlBCOA/photo.jpg'),
(22, 'rajeev ranjan', 'rr9690059@gmail.com', 'LW0SNKRIENwWcOZX', 'https://lh4.googleusercontent.com/-oKwcZCYqiNQ/AAAAAAAAAAI/AAAAAAAAAAA/AMZuuckyzUUO4RRaf47JvWDkbq3hz5zS6A/photo.jpg'),
(23, 'VISHAL KRISHNA', 'krishnavishal64@gmail.com', '9BlmVgIw3TJ8l1y4', ''),
(24, 'nitish shady', 'nitishshady44402@gmail.com', 'WCBnyPVOV0tOhOW6', 'https://lh3.googleusercontent.com/a-/AOh14Ggka9hu9MDLD6B5gipwh-UYzzUbpBhKb_uGwxvj'),
(25, 'Rajesh Bhushan', 'rajeshbhushan786@gmail.com', 'dGXTGutuuSekFGmQ', 'https://lh3.googleusercontent.com/a-/AOh14GgHgJ6dq2cuuABXnqUJYn2LlEbs-tlHakPsPysjDA'),
(26, 'Anand Mohan', 'anandtelari@gmail.com', 'mXmFlmXLO0GwSD6N', 'https://lh3.googleusercontent.com/a-/AOh14GiVCDcincger0HVkapxRg0jhCPtgr9qtnroWQ1KyA'),
(27, 'Parvez Ahsan', 'parvezbhabhua@gmail.com', 'nVE9xjTEBVR82oD1', 'https://lh3.googleusercontent.com/a-/AOh14GgstwXRBla8JDVY72HXqQW0mqnR-QO3fCORGO9cjw'),
(28, 'pradeep paswan', 'pradeep.dabur000@gmail.com', '47O2Tp0XABdqVI4V', 'https://lh3.googleusercontent.com/a-/AOh14GgRo0Sr3zxagshR6e4IyjJWqbHnvUQKDSdwzQxW5Q'),
(29, 'Nitu Raaz', 'raaznitu4@gmail.com', 'OdsXCI3p51JZDPBU', 'https://lh6.googleusercontent.com/-6I7NzOFNuRQ/AAAAAAAAAAI/AAAAAAAAAAA/AMZuucmd5jeeJf81HU0XTPdK4gsfu8zKgw/photo.jpg'),
(30, 'Amitesh Kumar', 'publicapp@publicapp.in', '19tXh3h6smuPFvhY', 'https://lh3.googleusercontent.com/a-/AOh14Gg_hkMNN9D6GxU9SchvCQT8V1QcKCXiqdM9iLdt'),
(31, 'Radhe singel Boy', 'radhesingelboy@gmail.com', 'FkTy7Am7txTkVinV', 'https://lh4.googleusercontent.com/-rf8eWupgv04/AAAAAAAAAAI/AAAAAAAAAAA/AMZuucn7JHhlNvHsq40EtDgBQTtVqqUuSw/photo.jpg'),
(32, 'Vikki Kumar', 'starvikkirock@gmail.com', '0y1ZvvOjofD1eykr', 'https://lh6.googleusercontent.com/-XOjVYdv-ULA/AAAAAAAAAAI/AAAAAAAAAAA/AMZuucmbxKmIK-EPqlCPCefQclcqIIcBpg/photo.jpg'),
(33, 'chemistry 11 class', 'mittalhimanshu456@gmail.com', 'foQhhrNQLUK2uio8', 'https://lh3.googleusercontent.com/a-/AOh14Gh6j6VmtHoyk06AuMUo1rDTXZu0Y1xFaPZKO7ya=s96-c'),
(34, 'abhishek Kumar', 'abhishekkumarbbu28@gmail.com', 'bEVywEky6TM1ocDk', 'https://lh3.googleusercontent.com/a-/AOh14GjGYweCFWSvUgxVHYEvbyw9LKpZci8Vo3enTynO=s96-c'),
(35, 'Sanjay Prasad Keshri', 'sanjaykeshri72092@gmail.com', 'sxnaDdBGmSh3CWwz', 'https://lh5.googleusercontent.com/-hcDAHR5Oxi4/AAAAAAAAAAI/AAAAAAAAAAA/AMZuucm5-XVm9hjdpVNTlhAarOZ_rbVDQQ/s96-c/photo.jpg'),
(36, 'shravan kumar', 'shravank1997.18@gmail.com', 'vDiUSUyOTGzu2znH', 'https://lh3.googleusercontent.com/a-/AOh14GgyPPMLUWXypotO3xRZGWBdMgRgShv4F-HSXy9u=s96-c'),
(37, 'anand kumar', 'anand95kumar02@gmail.com', 'wd3gVgk7LSZPzThl', 'https://lh4.googleusercontent.com/-v0sJDSYoWEI/AAAAAAAAAAI/AAAAAAAAAAA/AMZuuckTK_hQPMxTjL36ThiuB5Kmu7Yqeg/s96-c/photo.jpg'),
(38, 'Ravi Singh', 'rrsingh0105@gmail.com', 'GntdxPwmHPoh49lB', 'https://lh4.googleusercontent.com/-YJgB8-SEScg/AAAAAAAAAAI/AAAAAAAAAAA/AMZuuclTRZBff5moZR8WJwmGU4XHDUF82g/s96-c/photo.jpg'),
(39, 'Smart Loser', 'ranjanrajeev85399@gmail.com', '9bp9GUnnORyEaeQu', 'https://lh3.googleusercontent.com/a-/AOh14Gjt7Rjj85vKfQDZdjbj-Wm-Ngc4a9IG5InJPgXLuw=s96-c'),
(40, 'Vikash Kumar', 'vikashbbu20041997@gmail.com', 'spa2xKvErVePBXk0', 'https://lh3.googleusercontent.com/a-/AOh14GhrHk96O_SdsrMR_bJcXPXcgEofqDk9H8muShZd=s96-c'),
(41, 'nayapara chandagaon may chinal', 'kansumarkam63@gmail.com', 'BjCuDurH1kEYqXK3', 'https://lh3.googleusercontent.com/a-/AOh14Gio8qPFveplh7feNB0VIYqCbmZoTp-bHBj3_rX-=s96-c'),
(42, 'Ajit Kumar', 'ajit95727@gmail.com', 'UUC4AJLZEqQX96Cr', 'https://lh4.googleusercontent.com/-bzISxOVJwe4/AAAAAAAAAAI/AAAAAAAAAAA/AMZuucmFjqUlZkwFCi2mynCfSBTmLLK1BA/s96-c/photo.jpg'),
(43, 'Kansu', 'kansupvtltd2020@gmail.com', 'ioCdNcJtwDrxTK5i', 'https://lh3.googleusercontent.com/a-/AOh14Gh60CbeSsfCN1wzYeq3syR3hZJdr64qOw4t01wW=s96-c'),
(44, 'sonu kumar', 'spk62098@gmail.com', 'NwGtUlABQF0mBr1O', 'https://lh5.googleusercontent.com/-OE9IVoZoVgo/AAAAAAAAAAI/AAAAAAAAAAA/AMZuuckLH-IYRVfkrdJIyu535YpMFgJmPA/s96-c/photo.jpg'),
(45, 'Togather Forever', 'togatherforever000@gmail.com', 'ImRgUwNjtSkJNVPz', 'https://lh4.googleusercontent.com/-DxpBhRmCyFI/AAAAAAAAAAI/AAAAAAAAAAA/AMZuucmsJ1lVkGUfuLbCKGR-2Z0noR9RPg/s96-c/photo.jpg');

--
-- Indexes for dumped tables
--

--
-- Indexes for table `addresses`
--
ALTER TABLE `addresses`
  ADD PRIMARY KEY (`id`),
  ADD KEY `city_id` (`city_id`),
  ADD KEY `pincode_id` (`pincode_id`),
  ADD KEY `user_id` (`user_id`);

--
-- Indexes for table `admins`
--
ALTER TABLE `admins`
  ADD PRIMARY KEY (`id`),
  ADD KEY `user_id` (`user_id`);

--
-- Indexes for table `admin_login`
--
ALTER TABLE `admin_login`
  ADD PRIMARY KEY (`id`);

--
-- Indexes for table `cart`
--
ALTER TABLE `cart`
  ADD PRIMARY KEY (`id`);

--
-- Indexes for table `categories`
--
ALTER TABLE `categories`
  ADD PRIMARY KEY (`id`),
  ADD KEY `parent_category_id` (`parent_category_id`);

--
-- Indexes for table `cities`
--
ALTER TABLE `cities`
  ADD PRIMARY KEY (`id`),
  ADD KEY `pincode_id` (`pincode_id`);

--
-- Indexes for table `city_price_relationships`
--
ALTER TABLE `city_price_relationships`
  ADD PRIMARY KEY (`id`),
  ADD KEY `city_id` (`city_id`),
  ADD KEY `price_id` (`price_id`);

--
-- Indexes for table `ordered_items`
--
ALTER TABLE `ordered_items`
  ADD PRIMARY KEY (`id`),
  ADD KEY `product_id` (`product_id`),
  ADD KEY `order_id` (`order_id`),
  ADD KEY `price_id` (`price_id`);

--
-- Indexes for table `orders`
--
ALTER TABLE `orders`
  ADD PRIMARY KEY (`id`),
  ADD KEY `address_id` (`address_id`),
  ADD KEY `user_id` (`user_id`);

--
-- Indexes for table `pincodes`
--
ALTER TABLE `pincodes`
  ADD PRIMARY KEY (`id`);

--
-- Indexes for table `prices`
--
ALTER TABLE `prices`
  ADD PRIMARY KEY (`id`),
  ADD KEY `product_id` (`product_id`);

--
-- Indexes for table `products`
--
ALTER TABLE `products`
  ADD PRIMARY KEY (`id`),
  ADD KEY `product_category_id` (`product_category_id`);

--
-- Indexes for table `users`
--
ALTER TABLE `users`
  ADD PRIMARY KEY (`id`);

--
-- AUTO_INCREMENT for dumped tables
--

--
-- AUTO_INCREMENT for table `addresses`
--
ALTER TABLE `addresses`
  MODIFY `id` int NOT NULL AUTO_INCREMENT, AUTO_INCREMENT=28;

--
-- AUTO_INCREMENT for table `admins`
--
ALTER TABLE `admins`
  MODIFY `id` int NOT NULL AUTO_INCREMENT, AUTO_INCREMENT=4;

--
-- AUTO_INCREMENT for table `admin_login`
--
ALTER TABLE `admin_login`
  MODIFY `id` int NOT NULL AUTO_INCREMENT, AUTO_INCREMENT=68;

--
-- AUTO_INCREMENT for table `cart`
--
ALTER TABLE `cart`
  MODIFY `id` int NOT NULL AUTO_INCREMENT, AUTO_INCREMENT=215;

--
-- AUTO_INCREMENT for table `categories`
--
ALTER TABLE `categories`
  MODIFY `id` int NOT NULL AUTO_INCREMENT, AUTO_INCREMENT=191;

--
-- AUTO_INCREMENT for table `cities`
--
ALTER TABLE `cities`
  MODIFY `id` int NOT NULL AUTO_INCREMENT, AUTO_INCREMENT=44;

--
-- AUTO_INCREMENT for table `city_price_relationships`
--
ALTER TABLE `city_price_relationships`
  MODIFY `id` int NOT NULL AUTO_INCREMENT, AUTO_INCREMENT=5338;

--
-- AUTO_INCREMENT for table `ordered_items`
--
ALTER TABLE `ordered_items`
  MODIFY `id` int NOT NULL AUTO_INCREMENT, AUTO_INCREMENT=66;

--
-- AUTO_INCREMENT for table `orders`
--
ALTER TABLE `orders`
  MODIFY `id` int NOT NULL AUTO_INCREMENT, AUTO_INCREMENT=38;

--
-- AUTO_INCREMENT for table `pincodes`
--
ALTER TABLE `pincodes`
  MODIFY `id` int NOT NULL AUTO_INCREMENT, AUTO_INCREMENT=15;

--
-- AUTO_INCREMENT for table `prices`
--
ALTER TABLE `prices`
  MODIFY `id` int NOT NULL AUTO_INCREMENT, AUTO_INCREMENT=288;

--
-- AUTO_INCREMENT for table `products`
--
ALTER TABLE `products`
  MODIFY `id` int NOT NULL AUTO_INCREMENT, AUTO_INCREMENT=560;

--
-- AUTO_INCREMENT for table `users`
--
ALTER TABLE `users`
  MODIFY `id` int NOT NULL AUTO_INCREMENT, AUTO_INCREMENT=46;

--
-- Constraints for dumped tables
--

--
-- Constraints for table `addresses`
--
ALTER TABLE `addresses`
  ADD CONSTRAINT `addresses_ibfk_1` FOREIGN KEY (`city_id`) REFERENCES `cities` (`id`) ON DELETE RESTRICT ON UPDATE RESTRICT,
  ADD CONSTRAINT `addresses_ibfk_3` FOREIGN KEY (`user_id`) REFERENCES `users` (`id`) ON DELETE RESTRICT ON UPDATE RESTRICT;

--
-- Constraints for table `admins`
--
ALTER TABLE `admins`
  ADD CONSTRAINT `admins_ibfk_1` FOREIGN KEY (`user_id`) REFERENCES `users` (`id`);

--
-- Constraints for table `categories`
--
ALTER TABLE `categories`
  ADD CONSTRAINT `categories_ibfk_1` FOREIGN KEY (`parent_category_id`) REFERENCES `categories` (`id`) ON DELETE RESTRICT ON UPDATE RESTRICT;

--
-- Constraints for table `cities`
--
ALTER TABLE `cities`
  ADD CONSTRAINT `cities_ibfk_1` FOREIGN KEY (`pincode_id`) REFERENCES `pincodes` (`id`) ON DELETE RESTRICT ON UPDATE RESTRICT;

--
-- Constraints for table `city_price_relationships`
--
ALTER TABLE `city_price_relationships`
  ADD CONSTRAINT `city_price_relationships_ibfk_1` FOREIGN KEY (`city_id`) REFERENCES `cities` (`id`) ON DELETE RESTRICT ON UPDATE RESTRICT,
  ADD CONSTRAINT `city_price_relationships_ibfk_2` FOREIGN KEY (`price_id`) REFERENCES `prices` (`id`) ON DELETE RESTRICT ON UPDATE RESTRICT;

--
-- Constraints for table `ordered_items`
--
ALTER TABLE `ordered_items`
  ADD CONSTRAINT `ordered_items_ibfk_1` FOREIGN KEY (`product_id`) REFERENCES `products` (`id`),
  ADD CONSTRAINT `ordered_items_ibfk_2` FOREIGN KEY (`order_id`) REFERENCES `orders` (`id`),
  ADD CONSTRAINT `ordered_items_ibfk_3` FOREIGN KEY (`price_id`) REFERENCES `prices` (`id`);

--
-- Constraints for table `orders`
--
ALTER TABLE `orders`
  ADD CONSTRAINT `orders_ibfk_1` FOREIGN KEY (`address_id`) REFERENCES `addresses` (`id`),
  ADD CONSTRAINT `orders_ibfk_2` FOREIGN KEY (`user_id`) REFERENCES `users` (`id`);

--
-- Constraints for table `prices`
--
ALTER TABLE `prices`
  ADD CONSTRAINT `prices_ibfk_3` FOREIGN KEY (`product_id`) REFERENCES `products` (`id`) ON DELETE RESTRICT ON UPDATE RESTRICT;

--
-- Constraints for table `products`
--
ALTER TABLE `products`
  ADD CONSTRAINT `products_ibfk_1` FOREIGN KEY (`product_category_id`) REFERENCES `categories` (`id`) ON DELETE RESTRICT ON UPDATE RESTRICT;
COMMIT;

/*!40101 SET CHARACTER_SET_CLIENT=@OLD_CHARACTER_SET_CLIENT */;
/*!40101 SET CHARACTER_SET_RESULTS=@OLD_CHARACTER_SET_RESULTS */;
/*!40101 SET COLLATION_CONNECTION=@OLD_COLLATION_CONNECTION */;
